frame,zoom_level,uncertainty,area,conf,lost,latency,command,state,zoom_in_score,zoom_out_score,scale_need,edge_risk,blur_risk,association_risk,lost_risk,overzoom_risk,assoc_stage,candidate_count,high_candidate_count,low_candidate_count,selected_cost,association_ambiguity,kalman_innovation,cooldown_remaining,stable_count,unstable_count,risk_level,zoom_veto_reason,proposed_action,final_action,veto_applied,veto_reason,decision_reason
1,1,0.000000,0.00021484,1.000000,0,0.000000,init,TRACKING,0.000000,0.000000,0.000000,0.000000,0.000000,0.000000,0.000000,0.000000,init,0,0,0,-1.000000,0.000000,0.000000,0,0,0,low,none,,,0,none,init
2,1,0.473631,0.00021484,0.425000,1,0.054365,keep,TRACKING,0.000000,0.000000,0.978516,0.000000,0.540087,1.000000,0.250000,0.000000,predict_only,0,0,0,-1.000000,1.000000,1.000000,0,0,0,hard,none,keep,keep,0,none,follow_v1_policy
3,1,0.540597,0.00021484,0.361250,2,0.020800,keep,RECOVERY,0.000000,1.000000,0.978516,0.000000,0.540801,1.000000,0.500000,0.000000,predict_only,0,0,0,-1.000000,1.000000,2.000000,0,0,0,hard,lost_recovery,keep,keep,1,lost_recovery,lost_recovery_veto
4,1,0.575748,0.00021484,0.307062,3,0.019106,keep,RECOVERY,0.000000,1.000000,0.978516,0.000000,0.549562,1.000000,0.750000,0.000000,predict_only,0,0,0,-1.000000,1.000000,3.000000,0,0,0,hard,lost_recovery,keep,keep,1,lost_recovery,lost_recovery_veto
5,1,0.592490,0.00021484,0.261003,4,0.018735,keep,RECOVERY,0.000000,1.000000,0.978516,0.000000,0.495923,1.000000,1.000000,0.000000,predict_only,0,0,0,-1.000000,1.000000,4.000000,0,0,0,hard,lost_force_wide,keep,keep,1,lost_force_wide,lost_force_wide_veto
6,1,0.608813,0.00021484,0.221853,5,0.018796,keep,RECOVERY,0.000000,1.000000,0.978516,0.000000,0.514414,1.000000,1.000000,0.000000,predict_only,0,0,0,-1.000000,1.000000,5.000000,0,0,0,hard,lost_force_wide,keep,keep,1,lost_force_wide,lost_force_wide_veto
7,1,0.620608,0.00021484,0.188575,6,0.019889,keep,RECOVERY,0.000000,1.000000,0.978516,0.000000,0.518102,1.000000,1.000000,0.000000,predict_only,0,0,0,-1.000000,1.000000,6.000000,0,0,0,hard,lost_force_wide,keep,keep,1,lost_force_wide,lost_force_wide_veto
8,1,0.632825,0.00021484,0.160289,7,0.019081,keep,RECOVERY,0.000000,1.000000,0.978516,0.000000,0.553752,1.000000,1.000000,0.000000,predict_only,0,0,0,-1.000000,1.000000,7.000000,0,0,0,hard,lost_force_wide,keep,keep,1,lost_force_wide,lost_force_wide_veto
9,1,0.640203,0.00021484,0.136245,8,0.019342,keep,RECOVERY,0.000000,1.000000,0.978516,0.000000,0.548356,1.000000,1.000000,0.000000,predict_only,0,0,0,-1.000000,1.000000,8.000000,0,0,0,hard,lost_force_wide,keep,keep,1,lost_force_wide,lost_force_wide_veto
10,1,0.645376,0.00021484,0.115808,9,0.018930,keep,RECOVERY,0.000000,1.000000,0.978516,0.000000,0.530739,1.000000,1.000000,0.000000,predict_only,0,0,0,-1.000000,1.000000,9.000000,0,0,0,hard,lost_force_wide,keep,keep,1,lost_force_wide,lost_force_wide_veto
11,1,0.651876,0.00021484,0.098437,10,0.018469,keep,RECOVERY,0.000000,1.000000,0.978516,0.000000,0.542316,1.000000,1.000000,0.000000,predict_only,0,0,0,-1.000000,1.000000,10.000000,0,0,0,hard,lost_force_wide,keep,keep,1,lost_force_wide,lost_force_wide_veto
12,1,0.655723,0.00021484,0.083672,11,0.019149,keep,RECOVERY,0.000000,1.000000,0.978516,0.000000,0.531267,1.000000,1.000000,0.000000,predict_only,0,0,0,-1.000000,1.000000,11.000000,0,0,0,hard,lost_force_wide,keep,keep,1,lost_force_wide,lost_force_wide_veto
13,1,0.662629,0.00021484,0.071121,12,0.018802,keep,RECOVERY,0.000000,1.000000,0.978516,0.000000,0.567357,1.000000,1.000000,0.000000,predict_only,0,0,0,-1.000000,1.000000,12.000000,0,0,0,hard,lost_force_wide,keep,keep,1,lost_force_wide,lost_force_wide_veto
14,1,0.663730,0.00021484,0.060453,13,0.019046,keep,RECOVERY,0.000000,1.000000,0.978516,0.000000,0.538441,1.000000,1.000000,0.000000,predict_only,0,0,0,-1.000000,1.000000,13.000000,0,0,0,hard,lost_force_wide,keep,keep,1,lost_force_wide,lost_force_wide_veto
15,1,0.660440,0.00021484,0.051385,14,0.019343,keep,RECOVERY,0.000000,1.000000,0.978516,0.000000,0.461047,1.000000,1.000000,0.000000,predict_only,0,0,0,-1.000000,1.000000,14.000000,0,0,0,hard,lost_force_wide,keep,keep,1,lost_force_wide,lost_force_wide_veto
16,1,0.669469,0.00021484,0.043677,15,0.019027,keep,RECOVERY,0.000000,1.000000,0.978516,0.000000,0.543076,1.000000,1.000000,0.000000,predict_only,0,0,0,-1.000000,1.000000,15.000000,0,0,0,hard,lost_force_wide,keep,keep,1,lost_force_wide,lost_force_wide_veto
17,1,0.671704,0.00021484,0.037126,16,0.018055,keep,RECOVERY,0.000000,1.000000,0.978516,0.000000,0.544808,1.000000,1.000000,0.000000,predict_only,0,0,0,-1.000000,1.000000,16.000000,0,0,0,hard,lost_force_wide,keep,keep,1,lost_force_wide,lost_force_wide_veto
18,1,0.671297,0.00021484,0.031557,17,0.018422,keep,RECOVERY,0.000000,1.000000,0.978516,0.000000,0.517441,1.000000,1.000000,0.000000,predict_only,0,0,0,-1.000000,1.000000,17.000000,0,0,0,hard,lost_force_wide,keep,keep,1,lost_force_wide,lost_force_wide_veto
19,1,0.675442,0.00021484,0.026823,18,0.017617,keep,RECOVERY,0.000000,1.000000,0.978516,0.000000,0.550323,1.000000,1.000000,0.000000,predict_only,0,0,0,-1.000000,1.000000,18.000000,0,0,0,hard,lost_force_wide,keep,keep,1,lost_force_wide,lost_force_wide_veto
20,1,0.671525,0.00021484,0.022800,19,0.017944,keep,RECOVERY,0.000000,1.000000,0.978516,0.000000,0.485262,1.000000,1.000000,0.000000,predict_only,0,0,0,-1.000000,1.000000,19.000000,0,0,0,hard,lost_force_wide,keep,keep,1,lost_force_wide,lost_force_wide_veto
21,1,0.675672,0.00021484,0.019380,20,0.017774,keep,RECOVERY,0.000000,1.000000,0.978516,0.000000,0.523417,1.000000,1.000000,0.000000,predict_only,0,0,0,-1.000000,1.000000,20.000000,0,0,0,hard,lost_force_wide,keep,keep,1,lost_force_wide,lost_force_wide_veto
22,1,0.676424,0.00021484,0.016473,21,0.018723,keep,RECOVERY,0.000000,1.000000,0.978516,0.000000,0.521195,1.000000,1.000000,0.000000,predict_only,1,0,1,-1.000000,1.000000,21.000000,0,0,0,hard,lost_force_wide,keep,keep,1,lost_force_wide,lost_force_wide_veto
23,1,0.676038,0.00021484,0.014002,22,0.019247,keep,RECOVERY,0.000000,1.000000,0.978516,0.000000,0.506489,1.000000,1.000000,0.000000,predict_only,2,0,2,-1.000000,1.000000,22.000000,0,0,0,hard,lost_force_wide,keep,keep,1,lost_force_wide,lost_force_wide_veto
24,1,0.678660,0.00021484,0.011902,23,0.019543,keep,RECOVERY,0.000000,1.000000,0.978516,0.000000,0.530858,1.000000,1.000000,0.000000,predict_only,1,0,1,-1.000000,1.000000,23.000000,0,0,0,hard,lost_force_wide,keep,keep,1,lost_force_wide,lost_force_wide_veto
25,1,0.673805,0.00021484,0.010116,24,0.019234,keep,RECOVERY,0.000000,1.000000,0.978516,0.000000,0.463027,1.000000,1.000000,0.000000,predict_only,1,0,1,-1.000000,1.000000,24.000000,0,0,0,hard,lost_force_wide,keep,keep,1,lost_force_wide,lost_force_wide_veto
26,1,0.678067,0.00021484,0.008599,25,0.019331,keep,RECOVERY,0.000000,1.000000,0.978516,0.000000,0.510233,1.000000,1.000000,0.000000,predict_only,1,0,1,-1.000000,1.000000,25.000000,0,0,0,hard,lost_force_wide,keep,keep,1,lost_force_wide,lost_force_wide_veto
27,1,0.678183,0.00021484,0.007309,26,0.019077,keep,RECOVERY,0.000000,1.000000,0.978516,0.000000,0.506521,1.000000,1.000000,0.000000,predict_only,2,0,2,-1.000000,1.000000,26.000000,0,0,0,hard,lost_force_wide,keep,keep,1,lost_force_wide,lost_force_wide_veto
28,1,0.677572,0.00021484,0.006213,27,0.019052,keep,RECOVERY,0.000000,1.000000,0.978516,0.000000,0.494501,1.000000,1.000000,0.000000,predict_only,1,0,1,-1.000000,1.000000,27.000000,0,0,0,hard,lost_force_wide,keep,keep,1,lost_force_wide,lost_force_wide_veto
29,1,0.677443,0.00021484,0.005281,28,0.019395,keep,RECOVERY,0.000000,1.000000,0.978516,0.000000,0.489163,1.000000,1.000000,0.000000,predict_only,1,0,1,-1.000000,1.000000,28.000000,0,0,0,hard,lost_force_wide,keep,keep,1,lost_force_wide,lost_force_wide_veto
30,1,0.675975,0.00021484,0.004489,29,0.018980,keep,RECOVERY,0.000000,1.000000,0.978516,0.000000,0.467647,1.000000,1.000000,0.000000,predict_only,0,0,0,-1.000000,1.000000,29.000000,0,0,0,hard,lost_force_wide,keep,keep,1,lost_force_wide,lost_force_wide_veto
31,1,0.678161,0.00021484,0.003815,30,0.019685,keep,RECOVERY,0.000000,1.000000,0.978516,0.000000,0.492268,1.000000,1.000000,0.000000,predict_only,0,0,0,-1.000000,1.000000,30.000000,0,0,0,hard,lost_force_wide,keep,keep,1,lost_force_wide,lost_force_wide_veto
32,1,0.679275,0.00021484,0.003243,31,0.019132,keep,RECOVERY,0.000000,1.000000,0.978516,0.000000,0.503905,1.000000,1.000000,0.000000,predict_only,0,0,0,-1.000000,1.000000,31.000000,0,0,0,hard,lost_force_wide,keep,keep,1,lost_force_wide,lost_force_wide_veto
33,1,0.681216,0.00021484,0.002757,32,0.018229,keep,RECOVERY,0.000000,1.000000,0.978516,0.000000,0.526231,1.000000,1.000000,0.000000,predict_only,0,0,0,-1.000000,1.000000,32.000000,0,0,0,hard,lost_force_wide,keep,keep,1,lost_force_wide,lost_force_wide_veto
34,1,0.678433,0.00021484,0.002343,33,0.018493,keep,RECOVERY,0.000000,1.000000,0.978516,0.000000,0.489787,1.000000,1.000000,0.000000,predict_only,0,0,0,-1.000000,1.000000,33.000000,0,0,0,hard,lost_force_wide,keep,keep,1,lost_force_wide,lost_force_wide_veto
35,1,0.676089,0.00021484,0.001992,34,0.017960,keep,RECOVERY,0.000000,1.000000,0.978516,0.000000,0.459083,1.000000,1.000000,0.000000,predict_only,0,0,0,-1.000000,1.000000,34.000000,0,0,0,hard,lost_force_wide,keep,keep,1,lost_force_wide,lost_force_wide_veto
36,1,0.679643,0.00021484,0.001693,35,0.018703,keep,RECOVERY,0.000000,1.000000,0.978516,0.000000,0.502308,1.000000,1.000000,0.000000,predict_only,1,0,1,-1.000000,1.000000,35.000000,0,0,0,hard,lost_force_wide,keep,keep,1,lost_force_wide,lost_force_wide_veto
37,1,0.680578,0.00021484,0.001439,36,0.019179,keep,RECOVERY,0.000000,1.000000,0.978516,0.000000,0.512982,1.000000,1.000000,0.000000,predict_only,1,0,1,-1.000000,1.000000,36.000000,0,0,0,hard,lost_force_wide,keep,keep,1,lost_force_wide,lost_force_wide_veto
38,1,0.680386,0.00021484,0.001223,37,0.019269,keep,RECOVERY,0.000000,1.000000,0.978516,0.000000,0.509723,1.000000,1.000000,0.000000,predict_only,1,0,1,-1.000000,1.000000,37.000000,0,0,0,hard,lost_force_wide,keep,keep,1,lost_force_wide,lost_force_wide_veto
39,1,0.681265,0.00021484,0.001040,38,0.019275,keep,RECOVERY,0.000000,1.000000,0.978516,0.000000,0.519966,1.000000,1.000000,0.000000,predict_only,1,0,1,-1.000000,1.000000,38.000000,0,0,0,hard,lost_force_wide,keep,keep,1,lost_force_wide,lost_force_wide_veto
40,1,0.675348,0.00021484,0.000884,39,0.019776,keep,RECOVERY,0.000000,1.000000,0.978516,0.000000,0.445386,1.000000,1.000000,0.000000,predict_only,1,1,0,-1.000000,1.000000,39.000000,0,0,0,hard,lost_force_wide,keep,keep,1,lost_force_wide,lost_force_wide_veto
41,1,0.680883,0.00021484,0.000751,40,0.019875,keep,RECOVERY,0.000000,1.000000,0.978516,0.000000,0.514046,1.000000,1.000000,0.000000,predict_only,1,1,0,-1.000000,1.000000,40.000000,0,0,0,hard,lost_force_wide,keep,keep,1,lost_force_wide,lost_force_wide_veto
42,1,0.679561,0.00021484,0.000638,41,0.019832,keep,RECOVERY,0.000000,1.000000,0.978516,0.000000,0.497063,1.000000,1.000000,0.000000,predict_only,1,1,0,-1.000000,1.000000,41.000000,0,0,0,hard,lost_force_wide,keep,keep,1,lost_force_wide,lost_force_wide_veto
43,1,0.678382,0.00021484,0.000543,42,0.020202,keep,RECOVERY,0.000000,1.000000,0.978516,0.000000,0.481952,1.000000,1.000000,0.000000,predict_only,1,0,1,-1.000000,1.000000,42.000000,0,0,0,hard,lost_force_wide,keep,keep,1,lost_force_wide,lost_force_wide_veto
44,1,0.678875,0.00021484,0.000461,43,0.020165,keep,RECOVERY,0.000000,1.000000,0.978516,0.000000,0.487780,1.000000,1.000000,0.000000,predict_only,1,0,1,-1.000000,1.000000,43.000000,0,0,0,hard,lost_force_wide,keep,keep,1,lost_force_wide,lost_force_wide_veto
45,1,0.675086,0.00021484,0.000392,44,0.020418,keep,RECOVERY,0.000000,1.000000,0.978516,0.000000,0.440139,1.000000,1.000000,0.000000,predict_only,2,1,1,-1.000000,1.000000,44.000000,0,0,0,hard,lost_force_wide,keep,keep,1,lost_force_wide,lost_force_wide_veto
46,1,0.676180,0.00021484,0.000333,45,0.019868,keep,RECOVERY,0.000000,1.000000,0.978516,0.000000,0.453589,1.000000,1.000000,0.000000,predict_only,1,1,0,-1.000000,1.000000,45.000000,0,0,0,hard,lost_force_wide,keep,keep,1,lost_force_wide,lost_force_wide_veto
47,1,0.676461,0.00021484,0.000283,46,0.019545,keep,RECOVERY,0.000000,1.000000,0.978516,0.000000,0.456897,1.000000,1.000000,0.000000,predict_only,1,1,0,-1.000000,1.000000,46.000000,0,0,0,hard,lost_force_wide,keep,keep,1,lost_force_wide,lost_force_wide_veto
48,1,0.675876,0.00021484,0.000241,47,0.019461,keep,RECOVERY,0.000000,1.000000,0.978516,0.000000,0.449408,1.000000,1.000000,0.000000,predict_only,1,1,0,-1.000000,1.000000,47.000000,0,0,0,hard,lost_force_wide,keep,keep,1,lost_force_wide,lost_force_wide_veto
49,1,0.677224,0.00021484,0.000205,48,0.018870,keep,RECOVERY,0.000000,1.000000,0.978516,0.000000,0.466117,1.000000,1.000000,0.000000,predict_only,1,1,0,-1.000000,1.000000,48.000000,0,0,0,hard,lost_force_wide,keep,keep,1,lost_force_wide,lost_force_wide_veto
50,1,0.674298,0.00021484,0.000174,49,0.018859,keep,RECOVERY,0.000000,1.000000,0.978516,0.000000,0.429420,1.000000,1.000000,0.000000,predict_only,1,1,0,-1.000000,1.000000,49.000000,0,0,0,hard,lost_force_wide,keep,keep,1,lost_force_wide,lost_force_wide_veto
51,1,0.675095,0.00021484,0.000148,50,0.019172,keep,RECOVERY,0.000000,1.000000,0.978516,0.000000,0.439277,1.000000,1.000000,0.000000,predict_only,1,1,0,-1.000000,1.000000,50.000000,0,0,0,hard,lost_force_wide,keep,keep,1,lost_force_wide,lost_force_wide_veto
52,1,0.676587,0.00021484,0.000126,51,0.019661,keep,RECOVERY,0.000000,1.000000,0.978516,0.000000,0.457838,1.000000,1.000000,0.000000,predict_only,1,0,1,-1.000000,1.000000,51.000000,0,0,0,hard,lost_force_wide,keep,keep,1,lost_force_wide,lost_force_wide_veto
53,1,0.676223,0.00021484,0.000107,52,0.019264,keep,RECOVERY,0.000000,1.000000,0.978516,0.000000,0.453217,1.000000,1.000000,0.000000,predict_only,1,1,0,-1.000000,1.000000,52.000000,0,0,0,hard,lost_force_wide,keep,keep,1,lost_force_wide,lost_force_wide_veto
54,1,0.676829,0.00021484,0.000091,53,0.019938,keep,RECOVERY,0.000000,1.000000,0.978516,0.000000,0.460726,1.000000,1.000000,0.000000,predict_only,1,1,0,-1.000000,1.000000,53.000000,0,0,0,hard,lost_force_wide,keep,keep,1,lost_force_wide,lost_force_wide_veto
55,1,0.674922,0.00021484,0.000077,54,0.019225,keep,RECOVERY,0.000000,1.000000,0.978516,0.000000,0.436832,1.000000,1.000000,0.000000,predict_only,1,1,0,-1.000000,1.000000,54.000000,0,0,0,hard,lost_force_wide,keep,keep,1,lost_force_wide,lost_force_wide_veto
56,1,0.683353,0.00021484,0.000066,55,0.019516,keep,RECOVERY,0.000000,1.000000,0.978516,0.000000,0.542179,1.000000,1.000000,0.000000,predict_only,1,1,0,-1.000000,1.000000,55.000000,0,0,0,hard,lost_force_wide,keep,keep,1,lost_force_wide,lost_force_wide_veto
57,1,0.685776,0.00021484,0.000056,56,0.019753,keep,RECOVERY,0.000000,1.000000,0.978516,0.000000,0.572420,1.000000,1.000000,0.000000,predict_only,1,1,0,-1.000000,1.000000,56.000000,0,0,0,hard,lost_force_wide,keep,keep,1,lost_force_wide,lost_force_wide_veto
58,1,0.683574,0.00021484,0.000047,57,0.019447,keep,RECOVERY,0.000000,1.000000,0.978516,0.000000,0.544868,1.000000,1.000000,0.000000,predict_only,1,1,0,-1.000000,1.000000,57.000000,0,0,0,hard,lost_force_wide,keep,keep,1,lost_force_wide,lost_force_wide_veto
59,1,0.681452,0.00021484,0.000040,58,0.020364,keep,RECOVERY,0.000000,1.000000,0.978516,0.000000,0.518305,1.000000,1.000000,0.000000,predict_only,2,1,1,-1.000000,1.000000,58.000000,0,0,0,hard,lost_force_wide,keep,keep,1,lost_force_wide,lost_force_wide_veto
60,1,0.673360,0.00021484,0.000034,59,0.020890,keep,RECOVERY,0.000000,1.000000,0.978516,0.000000,0.417134,1.000000,1.000000,0.000000,predict_only,2,1,1,-1.000000,1.000000,59.000000,0,0,0,hard,lost_force_wide,keep,keep,1,lost_force_wide,lost_force_wide_veto
61,1,0.679157,0.00021484,0.000029,60,0.019195,keep,RECOVERY,0.000000,1.000000,0.978516,0.000000,0.489575,1.000000,1.000000,0.000000,predict_only,1,1,0,-1.000000,1.000000,60.000000,0,0,0,hard,lost_force_wide,keep,keep,1,lost_force_wide,lost_force_wide_veto
62,1,0.679415,0.00021484,0.000025,61,0.018498,keep,RECOVERY,0.000000,1.000000,0.978516,0.000000,0.492786,1.000000,1.000000,0.000000,predict_only,1,1,0,-1.000000,1.000000,61.000000,0,0,0,hard,lost_force_wide,keep,keep,1,lost_force_wide,lost_force_wide_veto
63,1,0.680066,0.00021484,0.000021,62,0.018398,keep,RECOVERY,0.000000,1.000000,0.978516,0.000000,0.500914,1.000000,1.000000,0.000000,predict_only,2,1,1,-1.000000,1.000000,62.000000,0,0,0,hard,lost_force_wide,keep,keep,1,lost_force_wide,lost_force_wide_veto
64,1,0.681664,0.00021484,0.000018,63,0.018306,keep,RECOVERY,0.000000,1.000000,0.978516,0.000000,0.520871,1.000000,1.000000,0.000000,predict_only,2,1,1,-1.000000,1.000000,63.000000,0,0,0,hard,lost_force_wide,keep,keep,1,lost_force_wide,lost_force_wide_veto
65,1,0.674848,0.00021484,0.000015,64,0.018582,keep,RECOVERY,0.000000,1.000000,0.978516,0.000000,0.435662,1.000000,1.000000,0.000000,predict_only,1,1,0,-1.000000,1.000000,64.000000,0,0,0,hard,lost_force_wide,keep,keep,1,lost_force_wide,lost_force_wide_veto
66,1,0.681643,0.00021484,0.000013,65,0.020017,keep,RECOVERY,0.000000,1.000000,0.978516,0.000000,0.520593,1.000000,1.000000,0.000000,predict_only,1,1,0,-1.000000,1.000000,65.000000,0,0,0,hard,lost_force_wide,keep,keep,1,lost_force_wide,lost_force_wide_veto
67,1,0.683297,0.00021484,0.000011,66,0.019397,keep,RECOVERY,0.000000,1.000000,0.978516,0.000000,0.541255,1.000000,1.000000,0.000000,predict_only,1,1,0,-1.000000,1.000000,66.000000,0,0,0,hard,lost_force_wide,keep,keep,1,lost_force_wide,lost_force_wide_veto
68,1,0.685405,0.00021484,0.000009,67,0.019578,keep,RECOVERY,0.000000,1.000000,0.978516,0.000000,0.567605,1.000000,1.000000,0.000000,predict_only,2,1,1,-1.000000,1.000000,67.000000,0,0,0,hard,lost_force_wide,keep,keep,1,lost_force_wide,lost_force_wide_veto
69,1,0.683694,0.00021484,0.000008,68,0.020044,keep,RECOVERY,0.000000,1.000000,0.978516,0.000000,0.546206,1.000000,1.000000,0.000000,predict_only,1,1,0,-1.000000,1.000000,68.000000,0,0,0,hard,lost_force_wide,keep,keep,1,lost_force_wide,lost_force_wide_veto
70,1,0.676313,0.00021484,0.000007,69,0.020188,keep,RECOVERY,0.000000,1.000000,0.978516,0.000000,0.453941,1.000000,1.000000,0.000000,predict_only,1,1,0,-1.000000,1.000000,69.000000,0,0,0,hard,lost_force_wide,keep,keep,1,lost_force_wide,lost_force_wide_veto
71,1,0.683922,0.00021484,0.000006,70,0.019446,keep,RECOVERY,0.000000,1.000000,0.978516,0.000000,0.549044,1.000000,1.000000,0.000000,predict_only,2,1,1,-1.000000,1.000000,70.000000,0,0,0,hard,lost_force_wide,keep,keep,1,lost_force_wide,lost_force_wide_veto
72,1,0.684653,0.00021484,0.000005,71,0.020335,keep,RECOVERY,0.000000,1.000000,0.978516,0.000000,0.558176,1.000000,1.000000,0.000000,predict_only,1,1,0,-1.000000,1.000000,71.000000,0,0,0,hard,lost_force_wide,keep,keep,1,lost_force_wide,lost_force_wide_veto
73,1,0.683695,0.00021484,0.000004,72,0.019914,keep,RECOVERY,0.000000,1.000000,0.978516,0.000000,0.546204,1.000000,1.000000,0.000000,predict_only,1,1,0,-1.000000,1.000000,72.000000,0,0,0,hard,lost_force_wide,keep,keep,1,lost_force_wide,lost_force_wide_veto
74,1,0.685012,0.00021484,0.000004,73,0.019841,keep,RECOVERY,0.000000,1.000000,0.978516,0.000000,0.562667,1.000000,1.000000,0.000000,predict_only,1,1,0,-1.000000,1.000000,73.000000,0,0,0,hard,lost_force_wide,keep,keep,1,lost_force_wide,lost_force_wide_veto
75,1,0.680923,0.00021484,0.000003,74,0.019192,keep,RECOVERY,0.000000,1.000000,0.978516,0.000000,0.511552,1.000000,1.000000,0.000000,predict_only,1,1,0,-1.000000,1.000000,74.000000,0,0,0,hard,lost_force_wide,keep,keep,1,lost_force_wide,lost_force_wide_veto
76,1,0.685630,0.00021484,0.000003,75,0.018718,keep,RECOVERY,0.000000,1.000000,0.978516,0.000000,0.570386,1.000000,1.000000,0.000000,predict_only,2,1,1,-1.000000,1.000000,75.000000,0,0,0,hard,lost_force_wide,keep,keep,1,lost_force_wide,lost_force_wide_veto
77,1,0.685683,0.00021484,0.000002,76,0.019183,keep,RECOVERY,0.000000,1.000000,0.978516,0.000000,0.571049,1.000000,1.000000,0.000000,predict_only,1,1,0,-1.000000,1.000000,76.000000,0,0,0,hard,lost_force_wide,keep,keep,1,lost_force_wide,lost_force_wide_veto
78,1,0.686868,0.00021484,0.000002,77,0.018331,keep,RECOVERY,0.000000,1.000000,0.978516,0.000000,0.585860,1.000000,1.000000,0.000000,predict_only,1,1,0,-1.000000,1.000000,77.000000,0,0,0,hard,lost_force_wide,keep,keep,1,lost_force_wide,lost_force_wide_veto
79,1,0.684716,0.00021484,0.000002,78,0.017831,keep,RECOVERY,0.000000,1.000000,0.978516,0.000000,0.558954,1.000000,1.000000,0.000000,predict_only,1,1,0,-1.000000,1.000000,78.000000,0,0,0,hard,lost_force_wide,keep,keep,1,lost_force_wide,lost_force_wide_veto
80,1,0.679253,0.00021484,0.000001,79,0.018883,keep,RECOVERY,0.000000,1.000000,0.978516,0.000000,0.490668,1.000000,1.000000,0.000000,predict_only,1,1,0,-1.000000,1.000000,79.000000,0,0,0,hard,lost_force_wide,keep,keep,1,lost_force_wide,lost_force_wide_veto
81,1,0.684530,0.00021484,0.000001,80,0.019246,keep,RECOVERY,0.000000,1.000000,0.978516,0.000000,0.556629,1.000000,1.000000,0.000000,predict_only,1,1,0,-1.000000,1.000000,80.000000,0,0,0,hard,lost_force_wide,keep,keep,1,lost_force_wide,lost_force_wide_veto
82,1,0.685981,0.00021484,0.000001,81,0.019540,keep,RECOVERY,0.000000,1.000000,0.978516,0.000000,0.574771,1.000000,1.000000,0.000000,predict_only,1,1,0,-1.000000,1.000000,81.000000,0,0,0,hard,lost_force_wide,keep,keep,1,lost_force_wide,lost_force_wide_veto
83,1,0.684988,0.00021484,0.000001,82,0.019516,keep,RECOVERY,0.000000,1.000000,0.978516,0.000000,0.562353,1.000000,1.000000,0.000000,predict_only,1,1,0,-1.000000,1.000000,82.000000,0,0,0,hard,lost_force_wide,keep,keep,1,lost_force_wide,lost_force_wide_veto
84,1,0.685618,0.00021484,0.000001,83,0.019961,keep,RECOVERY,0.000000,1.000000,0.978516,0.000000,0.570231,1.000000,1.000000,0.000000,predict_only,1,1,0,-1.000000,1.000000,83.000000,0,0,0,hard,lost_force_wide,keep,keep,1,lost_force_wide,lost_force_wide_veto
85,1,0.679734,0.00021484,0.000001,84,0.019515,keep,RECOVERY,0.000000,1.000000,0.978516,0.000000,0.496683,1.000000,1.000000,0.000000,predict_only,1,1,0,-1.000000,1.000000,84.000000,0,0,0,hard,lost_force_wide,keep,keep,1,lost_force_wide,lost_force_wide_veto
86,1,0.684114,0.00021484,0.000001,85,0.019559,keep,RECOVERY,0.000000,1.000000,0.978516,0.000000,0.551430,1.000000,1.000000,0.000000,predict_only,1,1,0,-1.000000,1.000000,85.000000,0,0,0,hard,lost_force_wide,keep,keep,1,lost_force_wide,lost_force_wide_veto
87,1,0.687131,0.00021484,0.000000,86,0.019272,keep,RECOVERY,0.000000,1.000000,0.978516,0.000000,0.589142,1.000000,1.000000,0.000000,predict_only,1,1,0,-1.000000,1.000000,86.000000,0,0,0,hard,lost_force_wide,keep,keep,1,lost_force_wide,lost_force_wide_veto
88,1,0.686337,0.00021484,0.000000,87,0.019602,keep,RECOVERY,0.000000,1.000000,0.978516,0.000000,0.579209,1.000000,1.000000,0.000000,predict_only,1,1,0,-1.000000,1.000000,87.000000,0,0,0,hard,lost_force_wide,keep,keep,1,lost_force_wide,lost_force_wide_veto
89,1,0.685338,0.00021484,0.000000,88,0.019560,keep,RECOVERY,0.000000,1.000000,0.978516,0.000000,0.566732,1.000000,1.000000,0.000000,predict_only,1,1,0,-1.000000,1.000000,88.000000,0,0,0,hard,lost_force_wide,keep,keep,1,lost_force_wide,lost_force_wide_veto
90,1,0.677187,0.00021484,0.000000,89,0.020742,keep,RECOVERY,0.000000,1.000000,0.978516,0.000000,0.464837,1.000000,1.000000,0.000000,predict_only,1,1,0,-1.000000,1.000000,89.000000,0,0,0,hard,lost_force_wide,keep,keep,1,lost_force_wide,lost_force_wide_veto
91,1,0.687368,0.00021484,0.000000,90,0.020151,keep,RECOVERY,0.000000,1.000000,0.978516,0.000000,0.592105,1.000000,1.000000,0.000000,predict_only,1,1,0,-1.000000,1.000000,90.000000,0,0,0,hard,lost_force_wide,keep,keep,1,lost_force_wide,lost_force_wide_veto
92,1,0.688448,0.00021484,0.000000,91,0.019060,keep,RECOVERY,0.000000,1.000000,0.978516,0.000000,0.605601,1.000000,1.000000,0.000000,predict_only,2,1,1,-1.000000,1.000000,91.000000,0,0,0,hard,lost_force_wide,keep,keep,1,lost_force_wide,lost_force_wide_veto
93,1,0.689093,0.00021484,0.000000,92,0.018510,keep,RECOVERY,0.000000,1.000000,0.978516,0.000000,0.613663,1.000000,1.000000,0.000000,predict_only,1,1,0,-1.000000,1.000000,92.000000,0,0,0,hard,lost_force_wide,keep,keep,1,lost_force_wide,lost_force_wide_veto
94,1,0.687308,0.00021484,0.000000,93,0.018343,keep,RECOVERY,0.000000,1.000000,0.978516,0.000000,0.591356,1.000000,1.000000,0.000000,predict_only,1,1,0,-1.000000,1.000000,93.000000,0,0,0,hard,lost_force_wide,keep,keep,1,lost_force_wide,lost_force_wide_veto
95,1,0.682622,0.00021484,0.000000,94,0.018417,keep,RECOVERY,0.000000,1.000000,0.978516,0.000000,0.532781,1.000000,1.000000,0.000000,predict_only,2,1,1,-1.000000,1.000000,94.000000,0,0,0,hard,lost_force_wide,keep,keep,1,lost_force_wide,lost_force_wide_veto
96,1,0.688401,0.00021484,0.000000,95,0.020824,keep,RECOVERY,0.000000,1.000000,0.978516,0.000000,0.605014,1.000000,1.000000,0.000000,predict_only,2,1,1,-1.000000,1.000000,95.000000,0,0,0,hard,lost_force_wide,keep,keep,1,lost_force_wide,lost_force_wide_veto
97,1,0.689300,0.00021484,0.000000,96,0.019998,keep,RECOVERY,0.000000,1.000000,0.978516,0.000000,0.616253,1.000000,1.000000,0.000000,predict_only,1,1,0,-1.000000,1.000000,96.000000,0,0,0,hard,lost_force_wide,keep,keep,1,lost_force_wide,lost_force_wide_veto
98,1,0.692282,0.00021484,0.000000,97,0.019994,keep,RECOVERY,0.000000,1.000000,0.978516,0.000000,0.653527,1.000000,1.000000,0.000000,predict_only,1,1,0,-1.000000,1.000000,97.000000,0,0,0,hard,lost_force_wide,keep,keep,1,lost_force_wide,lost_force_wide_veto
99,1,0.692453,0.00021484,0.000000,98,0.019951,keep,RECOVERY,0.000000,1.000000,0.978516,0.000000,0.655667,1.000000,1.000000,0.000000,predict_only,1,1,0,-1.000000,1.000000,98.000000,0,0,0,hard,lost_force_wide,keep,keep,1,lost_force_wide,lost_force_wide_veto
100,1,0.689105,0.00021484,0.000000,99,0.019718,keep,RECOVERY,0.000000,1.000000,0.978516,0.000000,0.613808,1.000000,1.000000,0.000000,predict_only,1,1,0,-1.000000,1.000000,99.000000,0,0,0,hard,lost_force_wide,keep,keep,1,lost_force_wide,lost_force_wide_veto
101,1,0.693075,0.00021484,0.000000,100,0.019980,keep,RECOVERY,0.000000,1.000000,0.978516,0.000000,0.663435,1.000000,1.000000,0.000000,predict_only,1,1,0,-1.000000,1.000000,100.000000,0,0,0,hard,lost_force_wide,keep,keep,1,lost_force_wide,lost_force_wide_veto
102,1,0.695130,0.00021484,0.000000,101,0.019918,keep,RECOVERY,0.000000,1.000000,0.978516,0.000000,0.689124,1.000000,1.000000,0.000000,predict_only,1,1,0,-1.000000,1.000000,101.000000,0,0,0,hard,lost_force_wide,keep,keep,1,lost_force_wide,lost_force_wide_veto
103,1,0.696047,0.00021484,0.000000,102,0.020141,keep,RECOVERY,0.000000,1.000000,0.978516,0.000000,0.700583,1.000000,1.000000,0.000000,predict_only,1,1,0,-1.000000,1.000000,102.000000,0,0,0,hard,lost_force_wide,keep,keep,1,lost_force_wide,lost_force_wide_veto
104,1,0.695665,0.00021484,0.000000,103,0.020880,keep,RECOVERY,0.000000,1.000000,0.978516,0.000000,0.695807,1.000000,1.000000,0.000000,predict_only,1,1,0,-1.000000,1.000000,103.000000,0,0,0,hard,lost_force_wide,keep,keep,1,lost_force_wide,lost_force_wide_veto
105,1,0.693281,0.00021484,0.000000,104,0.020088,keep,RECOVERY,0.000000,1.000000,0.978516,0.000000,0.666018,1.000000,1.000000,0.000000,predict_only,1,1,0,-1.000000,1.000000,104.000000,0,0,0,hard,lost_force_wide,keep,keep,1,lost_force_wide,lost_force_wide_veto
106,1,0.696349,0.00021484,0.000000,105,0.019261,keep,RECOVERY,0.000000,1.000000,0.978516,0.000000,0.704359,1.000000,1.000000,0.000000,predict_only,1,1,0,-1.000000,1.000000,105.000000,0,0,0,hard,lost_force_wide,keep,keep,1,lost_force_wide,lost_force_wide_veto
107,1,0.697270,0.00021484,0.000000,106,0.018781,keep,RECOVERY,0.000000,1.000000,0.978516,0.000000,0.715877,1.000000,1.000000,0.000000,predict_only,1,1,0,-1.000000,1.000000,106.000000,0,0,0,hard,lost_force_wide,keep,keep,1,lost_force_wide,lost_force_wide_veto
108,1,0.697361,0.00021484,0.000000,107,0.018752,keep,RECOVERY,0.000000,1.000000,0.978516,0.000000,0.717009,1.000000,1.000000,0.000000,predict_only,1,1,0,-1.000000,1.000000,107.000000,0,0,0,hard,lost_force_wide,keep,keep,1,lost_force_wide,lost_force_wide_veto
109,1,0.697969,0.00021484,0.000000,108,0.018350,keep,RECOVERY,0.000000,1.000000,0.978516,0.000000,0.724616,1.000000,1.000000,0.000000,predict_only,1,1,0,-1.000000,1.000000,108.000000,0,0,0,hard,lost_force_wide,keep,keep,1,lost_force_wide,lost_force_wide_veto
110,1,0.694690,0.00021484,0.000000,109,0.018320,keep,RECOVERY,0.000000,1.000000,0.978516,0.000000,0.683624,1.000000,1.000000,0.000000,predict_only,2,1,1,-1.000000,1.000000,109.000000,0,0,0,hard,lost_force_wide,keep,keep,1,lost_force_wide,lost_force_wide_veto
111,1,0.697393,0.00021484,0.000000,110,0.018993,keep,RECOVERY,0.000000,1.000000,0.978516,0.000000,0.717409,1.000000,1.000000,0.000000,predict_only,2,2,0,-1.000000,1.000000,110.000000,0,0,0,hard,lost_force_wide,keep,keep,1,lost_force_wide,lost_force_wide_veto
112,1,0.699877,0.00021484,0.000000,111,0.019757,keep,RECOVERY,0.000000,1.000000,0.978516,0.000000,0.748466,1.000000,1.000000,0.000000,predict_only,2,2,0,-1.000000,1.000000,111.000000,0,0,0,hard,lost_force_wide,keep,keep,1,lost_force_wide,lost_force_wide_veto
113,1,0.697295,0.00021484,0.000000,112,0.020488,keep,RECOVERY,0.000000,1.000000,0.978516,0.000000,0.716187,1.000000,1.000000,0.000000,predict_only,3,3,0,-1.000000,1.000000,112.000000,0,0,0,hard,lost_force_wide,keep,keep,1,lost_force_wide,lost_force_wide_veto
114,1,0.695993,0.00021484,0.000000,113,0.019810,keep,RECOVERY,0.000000,1.000000,0.978516,0.000000,0.699915,1.000000,1.000000,0.000000,predict_only,4,3,1,-1.000000,1.000000,113.000000,0,0,0,hard,lost_force_wide,keep,keep,1,lost_force_wide,lost_force_wide_veto
115,1,0.692029,0.00021484,0.000000,114,0.019989,keep,RECOVERY,0.000000,1.000000,0.978516,0.000000,0.650362,1.000000,1.000000,0.000000,predict_only,4,3,1,-1.000000,1.000000,114.000000,0,0,0,hard,lost_force_wide,keep,keep,1,lost_force_wide,lost_force_wide_veto
116,1,0.695683,0.00021484,0.000000,115,0.020248,keep,RECOVERY,0.000000,1.000000,0.978516,0.000000,0.696034,1.000000,1.000000,0.000000,predict_only,5,4,1,-1.000000,1.000000,115.000000,0,0,0,hard,lost_force_wide,keep,keep,1,lost_force_wide,lost_force_wide_veto
117,1,0.694809,0.00021484,0.000000,116,0.020042,keep,RECOVERY,0.000000,1.000000,0.978516,0.000000,0.685116,1.000000,1.000000,0.000000,predict_only,5,3,2,-1.000000,1.000000,116.000000,0,0,0,hard,lost_force_wide,keep,keep,1,lost_force_wide,lost_force_wide_veto
118,1,0.692111,0.00021484,0.000000,117,0.019587,keep,RECOVERY,0.000000,1.000000,0.978516,0.000000,0.651393,1.000000,1.000000,0.000000,predict_only,5,4,1,-1.000000,1.000000,117.000000,0,0,0,hard,lost_force_wide,keep,keep,1,lost_force_wide,lost_force_wide_veto
119,1,0.690264,0.00021484,0.000000,118,0.019751,keep,RECOVERY,0.000000,1.000000,0.978516,0.000000,0.628294,1.000000,1.000000,0.000000,predict_only,6,4,2,-1.000000,1.000000,118.000000,0,0,0,hard,lost_force_wide,keep,keep,1,lost_force_wide,lost_force_wide_veto
120,1,0.683975,0.00021484,0.000000,119,0.020107,keep,RECOVERY,0.000000,1.000000,0.978516,0.000000,0.549690,1.000000,1.000000,0.000000,predict_only,6,3,3,-1.000000,1.000000,119.000000,0,0,0,hard,lost_force_wide,keep,keep,1,lost_force_wide,lost_force_wide_veto
121,1,0.689922,0.00021484,0.000000,120,0.019576,keep,RECOVERY,0.000000,1.000000,0.978516,0.000000,0.624031,1.000000,1.000000,0.000000,predict_only,8,3,5,-1.000000,1.000000,120.000000,0,0,0,hard,lost_force_wide,keep,keep,1,lost_force_wide,lost_force_wide_veto
122,1,0.690420,0.00021484,0.000000,121,0.018710,keep,RECOVERY,0.000000,1.000000,0.978516,0.000000,0.630246,1.000000,1.000000,0.000000,predict_only,5,3,2,-1.000000,1.000000,121.000000,0,0,0,hard,lost_force_wide,keep,keep,1,lost_force_wide,lost_force_wide_veto
123,1,0.694104,0.00021484,0.000000,122,0.018096,keep,RECOVERY,0.000000,1.000000,0.978516,0.000000,0.676297,1.000000,1.000000,0.000000,predict_only,1,1,0,-1.000000,1.000000,122.000000,0,0,0,hard,lost_force_wide,keep,keep,1,lost_force_wide,lost_force_wide_veto
124,1,0.694077,0.00021484,0.000000,123,0.018452,keep,RECOVERY,0.000000,1.000000,0.978516,0.000000,0.675967,1.000000,1.000000,0.000000,predict_only,2,1,1,-1.000000,1.000000,123.000000,0,0,0,hard,lost_force_wide,keep,keep,1,lost_force_wide,lost_force_wide_veto
125,1,0.691315,0.00021484,0.000000,124,0.017745,keep,RECOVERY,0.000000,1.000000,0.978516,0.000000,0.641442,1.000000,1.000000,0.000000,predict_only,1,1,0,-1.000000,1.000000,124.000000,0,0,0,hard,lost_force_wide,keep,keep,1,lost_force_wide,lost_force_wide_veto
126,1,0.693608,0.00021484,0.000000,125,0.018579,keep,RECOVERY,0.000000,1.000000,0.978516,0.000000,0.670094,1.000000,1.000000,0.000000,predict_only,1,1,0,-1.000000,1.000000,125.000000,0,0,0,hard,lost_force_wide,keep,keep,1,lost_force_wide,lost_force_wide_veto
127,1,0.693225,0.00021484,0.000000,126,0.019348,keep,RECOVERY,0.000000,1.000000,0.978516,0.000000,0.665313,1.000000,1.000000,0.000000,predict_only,1,1,0,-1.000000,1.000000,126.000000,0,0,0,hard,lost_force_wide,keep,keep,1,lost_force_wide,lost_force_wide_veto
128,1,0.692644,0.00021484,0.000000,127,0.019818,keep,RECOVERY,0.000000,1.000000,0.978516,0.000000,0.658054,1.000000,1.000000,0.000000,predict_only,1,1,0,-1.000000,1.000000,127.000000,0,0,0,hard,lost_force_wide,keep,keep,1,lost_force_wide,lost_force_wide_veto
129,1,0.691802,0.00021484,0.000000,128,0.019697,keep,RECOVERY,0.000000,1.000000,0.978516,0.000000,0.647525,1.000000,1.000000,0.000000,predict_only,1,1,0,-1.000000,1.000000,128.000000,0,0,0,hard,lost_force_wide,keep,keep,1,lost_force_wide,lost_force_wide_veto
130,1,0.686774,0.00021484,0.000000,129,0.019107,keep,RECOVERY,0.000000,1.000000,0.978516,0.000000,0.584674,1.000000,1.000000,0.000000,predict_only,1,1,0,-1.000000,1.000000,129.000000,0,0,0,hard,lost_force_wide,keep,keep,1,lost_force_wide,lost_force_wide_veto
131,1,0.693491,0.00021484,0.000000,130,0.019099,keep,RECOVERY,0.000000,1.000000,0.978516,0.000000,0.668632,1.000000,1.000000,0.000000,predict_only,1,1,0,-1.000000,1.000000,130.000000,0,0,0,hard,lost_force_wide,keep,keep,1,lost_force_wide,lost_force_wide_veto
132,1,0.693093,0.00021484,0.000000,131,0.019441,keep,RECOVERY,0.000000,1.000000,0.978516,0.000000,0.663669,1.000000,1.000000,0.000000,predict_only,2,1,1,-1.000000,1.000000,131.000000,0,0,0,hard,lost_force_wide,keep,keep,1,lost_force_wide,lost_force_wide_veto
133,1,0.693770,0.00021484,0.000000,132,0.019829,keep,RECOVERY,0.000000,1.000000,0.978516,0.000000,0.672129,1.000000,1.000000,0.000000,predict_only,2,1,1,-1.000000,1.000000,132.000000,0,0,0,hard,lost_force_wide,keep,keep,1,lost_force_wide,lost_force_wide_veto
134,1,0.693013,0.00021484,0.000000,133,0.019823,keep,RECOVERY,0.000000,1.000000,0.978516,0.000000,0.662667,1.000000,1.000000,0.000000,predict_only,1,1,0,-1.000000,1.000000,133.000000,0,0,0,hard,lost_force_wide,keep,keep,1,lost_force_wide,lost_force_wide_veto
135,1,0.685783,0.00021484,0.000000,134,0.019849,keep,RECOVERY,0.000000,1.000000,0.978516,0.000000,0.572285,1.000000,1.000000,0.000000,predict_only,1,1,0,-1.000000,1.000000,134.000000,0,0,0,hard,lost_force_wide,keep,keep,1,lost_force_wide,lost_force_wide_veto
136,1,0.691969,0.00021484,0.000000,135,0.019748,keep,RECOVERY,0.000000,1.000000,0.978516,0.000000,0.649612,1.000000,1.000000,0.000000,predict_only,1,1,0,-1.000000,1.000000,135.000000,0,0,0,hard,lost_force_wide,keep,keep,1,lost_force_wide,lost_force_wide_veto
137,1,0.692245,0.00021484,0.000000,136,0.018856,keep,RECOVERY,0.000000,1.000000,0.978516,0.000000,0.653062,1.000000,1.000000,0.000000,predict_only,3,1,2,-1.000000,1.000000,136.000000,0,0,0,hard,lost_force_wide,keep,keep,1,lost_force_wide,lost_force_wide_veto
138,1,0.692569,0.00021484,0.000000,137,0.018900,keep,RECOVERY,0.000000,1.000000,0.978516,0.000000,0.657118,1.000000,1.000000,0.000000,predict_only,1,1,0,-1.000000,1.000000,137.000000,0,0,0,hard,lost_force_wide,keep,keep,1,lost_force_wide,lost_force_wide_veto
139,1,0.690835,0.00021484,0.000000,138,0.018571,keep,RECOVERY,0.000000,1.000000,0.978516,0.000000,0.635434,1.000000,1.000000,0.000000,predict_only,1,1,0,-1.000000,1.000000,138.000000,0,0,0,hard,lost_force_wide,keep,keep,1,lost_force_wide,lost_force_wide_veto
140,1,0.683546,0.00021484,0.000000,139,0.019016,keep,RECOVERY,0.000000,1.000000,0.978516,0.000000,0.544326,1.000000,1.000000,0.000000,predict_only,2,1,1,-1.000000,1.000000,139.000000,0,0,0,hard,lost_force_wide,keep,keep,1,lost_force_wide,lost_force_wide_veto
141,1,0.691207,0.00021484,0.000000,140,0.018811,keep,RECOVERY,0.000000,1.000000,0.978516,0.000000,0.640089,1.000000,1.000000,0.000000,predict_only,2,1,1,-1.000000,1.000000,140.000000,0,0,0,hard,lost_force_wide,keep,keep,1,lost_force_wide,lost_force_wide_veto
142,1,0.690252,0.00021484,0.000000,141,0.020152,keep,RECOVERY,0.000000,1.000000,0.978516,0.000000,0.628156,1.000000,1.000000,0.000000,predict_only,2,1,1,-1.000000,1.000000,141.000000,0,0,0,hard,lost_force_wide,keep,keep,1,lost_force_wide,lost_force_wide_veto
143,1,0.689306,0.00021484,0.000000,142,0.019670,keep,RECOVERY,0.000000,1.000000,0.978516,0.000000,0.616325,1.000000,1.000000,0.000000,predict_only,1,1,0,-1.000000,1.000000,142.000000,0,0,0,hard,lost_force_wide,keep,keep,1,lost_force_wide,lost_force_wide_veto
144,1,0.689296,0.00021484,0.000000,143,0.019982,keep,RECOVERY,0.000000,1.000000,0.978516,0.000000,0.616200,1.000000,1.000000,0.000000,predict_only,2,1,1,-1.000000,1.000000,143.000000,0,0,0,hard,lost_force_wide,keep,keep,1,lost_force_wide,lost_force_wide_veto
145,1,0.682466,0.00021484,0.000000,144,0.019973,keep,RECOVERY,0.000000,1.000000,0.978516,0.000000,0.530819,1.000000,1.000000,0.000000,predict_only,1,1,0,-1.000000,1.000000,144.000000,0,0,0,hard,lost_force_wide,keep,keep,1,lost_force_wide,lost_force_wide_veto
146,1,0.688968,0.00021484,0.000000,145,0.019578,keep,RECOVERY,0.000000,1.000000,0.978516,0.000000,0.612096,1.000000,1.000000,0.000000,predict_only,2,1,1,-1.000000,1.000000,145.000000,0,0,0,hard,lost_force_wide,keep,keep,1,lost_force_wide,lost_force_wide_veto
147,1,0.687630,0.00021484,0.000000,146,0.019863,keep,RECOVERY,0.000000,1.000000,0.978516,0.000000,0.595374,1.000000,1.000000,0.000000,predict_only,3,1,2,-1.000000,1.000000,146.000000,0,0,0,hard,lost_force_wide,keep,keep,1,lost_force_wide,lost_force_wide_veto
148,1,0.689032,0.00021484,0.000000,147,0.019760,keep,RECOVERY,0.000000,1.000000,0.978516,0.000000,0.612897,1.000000,1.000000,0.000000,predict_only,2,1,1,-1.000000,1.000000,147.000000,0,0,0,hard,lost_force_wide,keep,keep,1,lost_force_wide,lost_force_wide_veto
149,1,0.685619,0.00021484,0.000000,148,0.019646,keep,RECOVERY,0.000000,1.000000,0.978516,0.000000,0.570241,1.000000,1.000000,0.000000,predict_only,1,1,0,-1.000000,1.000000,148.000000,0,0,0,hard,lost_force_wide,keep,keep,1,lost_force_wide,lost_force_wide_veto
150,1,0.677019,0.00021484,0.000000,149,0.020499,keep,RECOVERY,0.000000,1.000000,0.978516,0.000000,0.462741,1.000000,1.000000,0.000000,predict_only,2,1,1,-1.000000,1.000000,149.000000,0,0,0,hard,lost_force_wide,keep,keep,1,lost_force_wide,lost_force_wide_veto
151,1,0.683965,0.00021484,0.000000,150,0.019725,keep,RECOVERY,0.000000,1.000000,0.978516,0.000000,0.549558,1.000000,1.000000,0.000000,predict_only,1,1,0,-1.000000,1.000000,150.000000,0,0,0,hard,lost_force_wide,keep,keep,1,lost_force_wide,lost_force_wide_veto
152,1,0.683293,0.00021484,0.000000,151,0.018952,keep,RECOVERY,0.000000,1.000000,0.978516,0.000000,0.541157,1.000000,1.000000,0.000000,predict_only,2,1,1,-1.000000,1.000000,151.000000,0,0,0,hard,lost_force_wide,keep,keep,1,lost_force_wide,lost_force_wide_veto
153,1,0.680403,0.00021484,0.000000,152,0.018351,keep,RECOVERY,0.000000,1.000000,0.978516,0.000000,0.505035,1.000000,1.000000,0.000000,predict_only,1,1,0,-1.000000,1.000000,152.000000,0,0,0,hard,lost_force_wide,keep,keep,1,lost_force_wide,lost_force_wide_veto
154,1,0.680574,0.00021484,0.000000,153,0.018824,keep,RECOVERY,0.000000,1.000000,0.978516,0.000000,0.507175,1.000000,1.000000,0.000000,predict_only,2,1,1,-1.000000,1.000000,153.000000,0,0,0,hard,lost_force_wide,keep,keep,1,lost_force_wide,lost_force_wide_veto
155,1,0.674047,0.00021484,0.000000,154,0.019281,keep,RECOVERY,0.000000,1.000000,0.978516,0.000000,0.425586,1.000000,1.000000,0.000000,predict_only,1,1,0,-1.000000,1.000000,154.000000,0,0,0,hard,lost_force_wide,keep,keep,1,lost_force_wide,lost_force_wide_veto
156,1,0.680899,0.00021484,0.000000,155,0.019598,keep,RECOVERY,0.000000,1.000000,0.978516,0.000000,0.511239,1.000000,1.000000,0.000000,predict_only,1,1,0,-1.000000,1.000000,155.000000,0,0,0,hard,lost_force_wide,keep,keep,1,lost_force_wide,lost_force_wide_veto
157,1,0.681623,0.00021484,0.000000,156,0.020109,keep,RECOVERY,0.000000,1.000000,0.978516,0.000000,0.520285,1.000000,1.000000,0.000000,predict_only,3,1,2,-1.000000,1.000000,156.000000,0,0,0,hard,lost_force_wide,keep,keep,1,lost_force_wide,lost_force_wide_veto
158,1,0.681808,0.00021484,0.000000,157,0.019519,keep,RECOVERY,0.000000,1.000000,0.978516,0.000000,0.522598,1.000000,1.000000,0.000000,predict_only,4,1,3,-1.000000,1.000000,157.000000,0,0,0,hard,lost_force_wide,keep,keep,1,lost_force_wide,lost_force_wide_veto
159,1,0.680311,0.00021484,0.000000,158,0.020185,keep,RECOVERY,0.000000,1.000000,0.978516,0.000000,0.503888,1.000000,1.000000,0.000000,predict_only,6,1,5,-1.000000,1.000000,158.000000,0,0,0,hard,lost_force_wide,keep,keep,1,lost_force_wide,lost_force_wide_veto
160,1,0.681703,0.00021484,0.000000,159,0.020147,keep,RECOVERY,0.000000,1.000000,0.978516,0.000000,0.521289,1.000000,1.000000,0.000000,predict_only,3,1,2,-1.000000,1.000000,159.000000,0,0,0,hard,lost_force_wide,keep,keep,1,lost_force_wide,lost_force_wide_veto
161,1,0.683789,0.00021484,0.000000,160,0.020438,keep,RECOVERY,0.000000,1.000000,0.978516,0.000000,0.547361,1.000000,1.000000,0.000000,predict_only,2,1,1,-1.000000,1.000000,160.000000,0,0,0,hard,lost_force_wide,keep,keep,1,lost_force_wide,lost_force_wide_veto
162,1,0.687497,0.00021484,0.000000,161,0.020554,keep,RECOVERY,0.000000,1.000000,0.978516,0.000000,0.593717,1.000000,1.000000,0.000000,predict_only,2,1,1,-1.000000,1.000000,161.000000,0,0,0,hard,lost_force_wide,keep,keep,1,lost_force_wide,lost_force_wide_veto
163,1,0.687553,0.00021484,0.000000,162,0.019669,keep,RECOVERY,0.000000,1.000000,0.978516,0.000000,0.594415,1.000000,1.000000,0.000000,predict_only,2,1,1,-1.000000,1.000000,162.000000,0,0,0,hard,lost_force_wide,keep,keep,1,lost_force_wide,lost_force_wide_veto
164,1,0.683145,0.00021484,0.000000,163,0.020550,keep,RECOVERY,0.000000,1.000000,0.978516,0.000000,0.539314,1.000000,1.000000,0.000000,predict_only,2,1,1,-1.000000,1.000000,163.000000,0,0,0,hard,lost_force_wide,keep,keep,1,lost_force_wide,lost_force_wide_veto
165,1,0.679564,0.00021484,0.000000,164,0.020179,keep,RECOVERY,0.000000,1.000000,0.978516,0.000000,0.494547,1.000000,1.000000,0.000000,predict_only,2,1,1,-1.000000,1.000000,164.000000,0,0,0,hard,lost_force_wide,keep,keep,1,lost_force_wide,lost_force_wide_veto
166,1,0.688026,0.00021484,0.000000,165,0.019384,keep,RECOVERY,0.000000,1.000000,0.978516,0.000000,0.600320,1.000000,1.000000,0.000000,predict_only,3,1,2,-1.000000,1.000000,165.000000,0,0,0,hard,lost_force_wide,keep,keep,1,lost_force_wide,lost_force_wide_veto
167,1,0.686647,0.00021484,0.000000,166,0.018994,keep,RECOVERY,0.000000,1.000000,0.978516,0.000000,0.583088,1.000000,1.000000,0.000000,predict_only,3,2,1,-1.000000,1.000000,166.000000,0,0,0,hard,lost_force_wide,keep,keep,1,lost_force_wide,lost_force_wide_veto
168,1,0.685285,0.00021484,0.000000,167,0.020030,keep,RECOVERY,0.000000,1.000000,0.978516,0.000000,0.566057,1.000000,1.000000,0.000000,predict_only,5,1,4,-1.000000,1.000000,167.000000,0,0,0,hard,lost_force_wide,keep,keep,1,lost_force_wide,lost_force_wide_veto
169,1,0.688291,0.00021484,0.000000,168,0.020021,keep,RECOVERY,0.000000,1.000000,0.978516,0.000000,0.603632,1.000000,1.000000,0.000000,predict_only,1,1,0,-1.000000,1.000000,168.000000,0,0,0,hard,lost_force_wide,keep,keep,1,lost_force_wide,lost_force_wide_veto
170,1,0.680205,0.00021484,0.000000,169,0.021778,keep,RECOVERY,0.000000,1.000000,0.978516,0.000000,0.502564,1.000000,1.000000,0.000000,predict_only,5,1,4,-1.000000,1.000000,169.000000,0,0,0,hard,lost_force_wide,keep,keep,1,lost_force_wide,lost_force_wide_veto
171,1,0.688545,0.00021484,0.000000,170,0.020340,keep,RECOVERY,0.000000,1.000000,0.978516,0.000000,0.606816,1.000000,1.000000,0.000000,predict_only,2,1,1,-1.000000,1.000000,170.000000,0,0,0,hard,lost_force_wide,keep,keep,1,lost_force_wide,lost_force_wide_veto
172,1,0.687952,0.00021484,0.000000,171,0.019964,keep,RECOVERY,0.000000,1.000000,0.978516,0.000000,0.599396,1.000000,1.000000,0.000000,predict_only,1,1,0,-1.000000,1.000000,171.000000,0,0,0,hard,lost_force_wide,keep,keep,1,lost_force_wide,lost_force_wide_veto
173,1,0.690491,0.00021484,0.000000,172,0.020228,keep,RECOVERY,0.000000,1.000000,0.978516,0.000000,0.631136,1.000000,1.000000,0.000000,predict_only,3,1,2,-1.000000,1.000000,172.000000,0,0,0,hard,lost_force_wide,keep,keep,1,lost_force_wide,lost_force_wide_veto
174,1,0.691615,0.00021484,0.000000,173,0.020594,keep,RECOVERY,0.000000,1.000000,0.978516,0.000000,0.645194,1.000000,1.000000,0.000000,predict_only,2,1,1,-1.000000,1.000000,173.000000,0,0,0,hard,lost_force_wide,keep,keep,1,lost_force_wide,lost_force_wide_veto
175,1,0.686938,0.00021484,0.000000,174,0.021470,keep,RECOVERY,0.000000,1.000000,0.978516,0.000000,0.586723,1.000000,1.000000,0.000000,predict_only,4,1,3,-1.000000,1.000000,174.000000,0,0,0,hard,lost_force_wide,keep,keep,1,lost_force_wide,lost_force_wide_veto
176,1,0.696046,0.00021484,0.000000,175,0.020252,keep,RECOVERY,0.000000,1.000000,0.978516,0.000000,0.700575,1.000000,1.000000,0.000000,predict_only,2,1,1,-1.000000,1.000000,175.000000,0,0,0,hard,lost_force_wide,keep,keep,1,lost_force_wide,lost_force_wide_veto
177,1,0.701258,0.00021484,0.000000,176,0.020519,keep,RECOVERY,0.000000,1.000000,0.978516,0.000000,0.765725,1.000000,1.000000,0.000000,predict_only,2,2,0,-1.000000,1.000000,176.000000,0,0,0,hard,lost_force_wide,keep,keep,1,lost_force_wide,lost_force_wide_veto
178,1,0.706586,0.00021484,0.000000,177,0.019725,keep,RECOVERY,0.000000,1.000000,0.978516,0.000000,0.832323,1.000000,1.000000,0.000000,predict_only,3,2,1,-1.000000,1.000000,177.000000,0,0,0,hard,lost_force_wide,keep,keep,1,lost_force_wide,lost_force_wide_veto
179,1,0.711123,0.00021484,0.000000,178,0.018797,keep,RECOVERY,0.000000,1.000000,0.978516,0.000000,0.889034,1.000000,1.000000,0.000000,predict_only,2,1,1,-1.000000,1.000000,178.000000,0,0,0,hard,lost_force_wide,keep,keep,1,lost_force_wide,lost_force_wide_veto
180,1,0.708771,0.00021484,0.000000,179,0.019529,keep,RECOVERY,0.000000,1.000000,0.978516,0.000000,0.859633,1.000000,1.000000,0.000000,predict_only,5,2,3,-1.000000,1.000000,179.000000,0,0,0,hard,lost_force_wide,keep,keep,1,lost_force_wide,lost_force_wide_veto
181,1,0.712020,0.00021484,0.000000,180,0.019533,keep,RECOVERY,0.000000,1.000000,0.978516,0.000000,0.900249,1.000000,1.000000,0.000000,predict_only,2,2,0,-1.000000,1.000000,180.000000,0,0,0,hard,lost_force_wide,keep,keep,1,lost_force_wide,lost_force_wide_veto
182,1,0.712728,0.00021484,0.000000,181,0.020519,keep,RECOVERY,0.000000,1.000000,0.978516,0.000000,0.909094,1.000000,1.000000,0.000000,predict_only,2,1,1,-1.000000,1.000000,181.000000,0,0,0,hard,lost_force_wide,keep,keep,1,lost_force_wide,lost_force_wide_veto
183,1,0.713123,0.00021484,0.000000,182,0.020100,keep,RECOVERY,0.000000,1.000000,0.978516,0.000000,0.914032,1.000000,1.000000,0.000000,predict_only,3,1,2,-1.000000,1.000000,182.000000,0,0,0,hard,lost_force_wide,keep,keep,1,lost_force_wide,lost_force_wide_veto
184,1,0.713612,0.00021484,0.000000,183,0.019757,keep,RECOVERY,0.000000,1.000000,0.978516,0.000000,0.920146,1.000000,1.000000,0.000000,predict_only,3,2,1,-1.000000,1.000000,183.000000,0,0,0,hard,lost_force_wide,keep,keep,1,lost_force_wide,lost_force_wide_veto
185,1,0.709861,0.00021484,0.000000,184,0.019602,keep,RECOVERY,0.000000,1.000000,0.978516,0.000000,0.873263,1.000000,1.000000,0.000000,predict_only,6,1,5,-1.000000,1.000000,184.000000,0,0,0,hard,lost_force_wide,keep,keep,1,lost_force_wide,lost_force_wide_veto
186,1,0.712318,0.00021484,0.000000,185,0.019918,keep,RECOVERY,0.000000,1.000000,0.978516,0.000000,0.903973,1.000000,1.000000,0.000000,predict_only,2,1,1,-1.000000,1.000000,185.000000,0,0,0,hard,lost_force_wide,keep,keep,1,lost_force_wide,lost_force_wide_veto
187,1,0.712281,0.00021484,0.000000,186,0.020113,keep,RECOVERY,0.000000,1.000000,0.978516,0.000000,0.903509,1.000000,1.000000,0.000000,predict_only,3,1,2,-1.000000,1.000000,186.000000,0,0,0,hard,lost_force_wide,keep,keep,1,lost_force_wide,lost_force_wide_veto
188,1,0.712476,0.00021484,0.000000,187,0.019498,keep,RECOVERY,0.000000,1.000000,0.978516,0.000000,0.905944,1.000000,1.000000,0.000000,predict_only,3,1,2,-1.000000,1.000000,187.000000,0,0,0,hard,lost_force_wide,keep,keep,1,lost_force_wide,lost_force_wide_veto
189,1,0.711556,0.00021484,0.000000,188,0.020253,keep,RECOVERY,0.000000,1.000000,0.978516,0.000000,0.894445,1.000000,1.000000,0.000000,predict_only,3,1,2,-1.000000,1.000000,188.000000,0,0,0,hard,lost_force_wide,keep,keep,1,lost_force_wide,lost_force_wide_veto
190,1,0.707476,0.00021484,0.000000,189,0.019664,keep,RECOVERY,0.000000,1.000000,0.978516,0.000000,0.843454,1.000000,1.000000,0.000000,predict_only,2,1,1,-1.000000,1.000000,189.000000,0,0,0,hard,lost_force_wide,keep,keep,1,lost_force_wide,lost_force_wide_veto
191,1,0.710451,0.00021484,0.000000,190,0.018551,keep,RECOVERY,0.000000,1.000000,0.978516,0.000000,0.880637,1.000000,1.000000,0.000000,predict_only,1,1,0,-1.000000,1.000000,190.000000,0,0,0,hard,lost_force_wide,keep,keep,1,lost_force_wide,lost_force_wide_veto
192,1,0.710777,0.00021484,0.000000,191,0.018855,keep,RECOVERY,0.000000,1.000000,0.978516,0.000000,0.884718,1.000000,1.000000,0.000000,predict_only,1,1,0,-1.000000,1.000000,191.000000,0,0,0,hard,lost_force_wide,keep,keep,1,lost_force_wide,lost_force_wide_veto
193,1,0.711359,0.00021484,0.000000,192,0.018069,keep,RECOVERY,0.000000,1.000000,0.978516,0.000000,0.891989,1.000000,1.000000,0.000000,predict_only,3,1,2,-1.000000,1.000000,192.000000,0,0,0,hard,lost_force_wide,keep,keep,1,lost_force_wide,lost_force_wide_veto
194,1,0.712121,0.00021484,0.000000,193,0.017998,keep,RECOVERY,0.000000,1.000000,0.978516,0.000000,0.901517,1.000000,1.000000,0.000000,predict_only,1,1,0,-1.000000,1.000000,193.000000,0,0,0,hard,lost_force_wide,keep,keep,1,lost_force_wide,lost_force_wide_veto
195,1,0.707823,0.00021484,0.000000,194,0.018653,keep,RECOVERY,0.000000,1.000000,0.978516,0.000000,0.847783,1.000000,1.000000,0.000000,predict_only,1,1,0,-1.000000,1.000000,194.000000,0,0,0,hard,lost_force_wide,keep,keep,1,lost_force_wide,lost_force_wide_veto
196,1,0.711323,0.00021484,0.000000,195,0.020084,keep,RECOVERY,0.000000,1.000000,0.978516,0.000000,0.891539,1.000000,1.000000,0.000000,predict_only,1,1,0,-1.000000,1.000000,195.000000,0,0,0,hard,lost_force_wide,keep,keep,1,lost_force_wide,lost_force_wide_veto
197,1,0.711669,0.00021484,0.000000,196,0.020577,keep,RECOVERY,0.000000,1.000000,0.978516,0.000000,0.895861,1.000000,1.000000,0.000000,predict_only,1,1,0,-1.000000,1.000000,196.000000,0,0,0,hard,lost_force_wide,keep,keep,1,lost_force_wide,lost_force_wide_veto
198,1,0.712508,0.00021484,0.000000,197,0.020017,keep,RECOVERY,0.000000,1.000000,0.978516,0.000000,0.906355,1.000000,1.000000,0.000000,predict_only,1,1,0,-1.000000,1.000000,197.000000,0,0,0,hard,lost_force_wide,keep,keep,1,lost_force_wide,lost_force_wide_veto
199,1,0.712490,0.00021484,0.000000,198,0.019476,keep,RECOVERY,0.000000,1.000000,0.978516,0.000000,0.906119,1.000000,1.000000,0.000000,predict_only,2,1,1,-1.000000,1.000000,198.000000,0,0,0,hard,lost_force_wide,keep,keep,1,lost_force_wide,lost_force_wide_veto
200,1,0.708722,0.00021484,0.000000,199,0.019526,keep,RECOVERY,0.000000,1.000000,0.978516,0.000000,0.859021,1.000000,1.000000,0.000000,predict_only,2,1,1,-1.000000,1.000000,199.000000,0,0,0,hard,lost_force_wide,keep,keep,1,lost_force_wide,lost_force_wide_veto
201,1,0.711941,0.00021484,0.000000,200,0.019663,keep,RECOVERY,0.000000,1.000000,0.978516,0.000000,0.899266,1.000000,1.000000,0.000000,predict_only,2,1,1,-1.000000,1.000000,200.000000,0,0,0,hard,lost_force_wide,keep,keep,1,lost_force_wide,lost_force_wide_veto
202,1,0.711833,0.00021484,0.000000,201,0.019306,keep,RECOVERY,0.000000,1.000000,0.978516,0.000000,0.897907,1.000000,1.000000,0.000000,predict_only,1,1,0,-1.000000,1.000000,201.000000,0,0,0,hard,lost_force_wide,keep,keep,1,lost_force_wide,lost_force_wide_veto
203,1,0.712062,0.00021484,0.000000,202,0.019577,keep,RECOVERY,0.000000,1.000000,0.978516,0.000000,0.900773,1.000000,1.000000,0.000000,predict_only,3,1,2,-1.000000,1.000000,202.000000,0,0,0,hard,lost_force_wide,keep,keep,1,lost_force_wide,lost_force_wide_veto
204,1,0.713074,0.00021484,0.000000,203,0.020354,keep,RECOVERY,0.000000,1.000000,0.978516,0.000000,0.913425,1.000000,1.000000,0.000000,predict_only,3,1,2,-1.000000,1.000000,203.000000,0,0,0,hard,lost_force_wide,keep,keep,1,lost_force_wide,lost_force_wide_veto
205,1,0.709738,0.00021484,0.000000,204,0.020153,keep,RECOVERY,0.000000,1.000000,0.978516,0.000000,0.871720,1.000000,1.000000,0.000000,predict_only,1,1,0,-1.000000,1.000000,204.000000,0,0,0,hard,lost_force_wide,keep,keep,1,lost_force_wide,lost_force_wide_veto
206,1,0.712903,0.00021484,0.000000,205,0.020028,keep,RECOVERY,0.000000,1.000000,0.978516,0.000000,0.911286,1.000000,1.000000,0.000000,predict_only,1,1,0,-1.000000,1.000000,205.000000,0,0,0,hard,lost_force_wide,keep,keep,1,lost_force_wide,lost_force_wide_veto
207,1,0.713141,0.00021484,0.000000,206,0.019080,keep,RECOVERY,0.000000,1.000000,0.978516,0.000000,0.914263,1.000000,1.000000,0.000000,predict_only,3,1,2,-1.000000,1.000000,206.000000,0,0,0,hard,lost_force_wide,keep,keep,1,lost_force_wide,lost_force_wide_veto
208,1,0.713836,0.00021484,0.000000,207,0.018255,keep,RECOVERY,0.000000,1.000000,0.978516,0.000000,0.922956,1.000000,1.000000,0.000000,predict_only,2,1,1,-1.000000,1.000000,207.000000,0,0,0,hard,lost_force_wide,keep,keep,1,lost_force_wide,lost_force_wide_veto
209,1,0.715743,0.00021484,0.000000,208,0.018025,keep,RECOVERY,0.000000,1.000000,0.978516,0.000000,0.946787,1.000000,1.000000,0.000000,predict_only,3,1,2,-1.000000,1.000000,208.000000,0,0,0,hard,lost_force_wide,keep,keep,1,lost_force_wide,lost_force_wide_veto
210,1,0.712050,0.00021484,0.000000,209,0.018971,keep,RECOVERY,0.000000,1.000000,0.978516,0.000000,0.900631,1.000000,1.000000,0.000000,predict_only,1,1,0,-1.000000,1.000000,209.000000,0,0,0,hard,lost_force_wide,keep,keep,1,lost_force_wide,lost_force_wide_veto
211,1,0.714512,0.00021484,0.000000,210,0.018886,keep,RECOVERY,0.000000,1.000000,0.978516,0.000000,0.931399,1.000000,1.000000,0.000000,predict_only,1,1,0,-1.000000,1.000000,210.000000,0,0,0,hard,lost_force_wide,keep,keep,1,lost_force_wide,lost_force_wide_veto
212,1,0.714681,0.00021484,0.000000,211,0.020067,keep,RECOVERY,0.000000,1.000000,0.978516,0.000000,0.933514,1.000000,1.000000,0.000000,predict_only,1,1,0,-1.000000,1.000000,211.000000,0,0,0,hard,lost_force_wide,keep,keep,1,lost_force_wide,lost_force_wide_veto
213,1,0.713476,0.00021484,0.000000,212,0.019659,keep,RECOVERY,0.000000,1.000000,0.978516,0.000000,0.918453,1.000000,1.000000,0.000000,predict_only,1,1,0,-1.000000,1.000000,212.000000,0,0,0,hard,lost_force_wide,keep,keep,1,lost_force_wide,lost_force_wide_veto
214,1,0.713892,0.00021484,0.000000,213,0.019569,keep,RECOVERY,0.000000,1.000000,0.978516,0.000000,0.923653,1.000000,1.000000,0.000000,predict_only,1,1,0,-1.000000,1.000000,213.000000,0,0,0,hard,lost_force_wide,keep,keep,1,lost_force_wide,lost_force_wide_veto
215,1,0.709610,0.00021484,0.000000,214,0.020055,keep,RECOVERY,0.000000,1.000000,0.978516,0.000000,0.870128,1.000000,1.000000,0.000000,predict_only,3,1,2,-1.000000,1.000000,214.000000,0,0,0,hard,lost_force_wide,keep,keep,1,lost_force_wide,lost_force_wide_veto
216,1,0.712254,0.00021484,0.000000,215,0.019863,keep,RECOVERY,0.000000,1.000000,0.978516,0.000000,0.903181,1.000000,1.000000,0.000000,predict_only,1,1,0,-1.000000,1.000000,215.000000,0,0,0,hard,lost_force_wide,keep,keep,1,lost_force_wide,lost_force_wide_veto
217,1,0.710808,0.00021484,0.000000,216,0.019990,keep,RECOVERY,0.000000,1.000000,0.978516,0.000000,0.885099,1.000000,1.000000,0.000000,predict_only,1,1,0,-1.000000,1.000000,216.000000,0,0,0,hard,lost_force_wide,keep,keep,1,lost_force_wide,lost_force_wide_veto
218,1,0.710089,0.00021484,0.000000,217,0.020447,keep,RECOVERY,0.000000,1.000000,0.978516,0.000000,0.876117,1.000000,1.000000,0.000000,predict_only,1,1,0,-1.000000,1.000000,217.000000,0,0,0,hard,lost_force_wide,keep,keep,1,lost_force_wide,lost_force_wide_veto
219,1,0.711295,0.00021484,0.000000,218,0.020243,keep,RECOVERY,0.000000,1.000000,0.978516,0.000000,0.891191,1.000000,1.000000,0.000000,predict_only,1,1,0,-1.000000,1.000000,218.000000,0,0,0,hard,lost_force_wide,keep,keep,1,lost_force_wide,lost_force_wide_veto
220,1,0.706627,0.00021484,0.000000,219,0.020493,keep,RECOVERY,0.000000,1.000000,0.978516,0.000000,0.832843,1.000000,1.000000,0.000000,predict_only,3,1,2,-1.000000,1.000000,219.000000,0,0,0,hard,lost_force_wide,keep,keep,1,lost_force_wide,lost_force_wide_veto
221,1,0.710234,0.00021484,0.000000,220,0.020023,keep,RECOVERY,0.000000,1.000000,0.978516,0.000000,0.877926,1.000000,1.000000,0.000000,predict_only,2,1,1,-1.000000,1.000000,220.000000,0,0,0,hard,lost_force_wide,keep,keep,1,lost_force_wide,lost_force_wide_veto
222,1,0.710627,0.00021484,0.000000,221,0.019498,keep,RECOVERY,0.000000,1.000000,0.978516,0.000000,0.882834,1.000000,1.000000,0.000000,predict_only,4,1,3,-1.000000,1.000000,221.000000,0,0,0,hard,lost_force_wide,keep,keep,1,lost_force_wide,lost_force_wide_veto
223,1,0.711745,0.00021484,0.000000,222,0.018900,keep,RECOVERY,0.000000,1.000000,0.978516,0.000000,0.896809,1.000000,1.000000,0.000000,predict_only,3,1,2,-1.000000,1.000000,222.000000,0,0,0,hard,lost_force_wide,keep,keep,1,lost_force_wide,lost_force_wide_veto
224,1,0.711716,0.00021484,0.000000,223,0.018828,keep,RECOVERY,0.000000,1.000000,0.978516,0.000000,0.896447,1.000000,1.000000,0.000000,predict_only,3,1,2,-1.000000,1.000000,223.000000,0,0,0,hard,lost_force_wide,keep,keep,1,lost_force_wide,lost_force_wide_veto
225,1,0.706692,0.00021484,0.000000,224,0.018890,keep,RECOVERY,0.000000,1.000000,0.978516,0.000000,0.833647,1.000000,1.000000,0.000000,predict_only,3,1,2,-1.000000,1.000000,224.000000,0,0,0,hard,lost_force_wide,keep,keep,1,lost_force_wide,lost_force_wide_veto
226,1,0.709773,0.00021484,0.000000,225,0.019208,keep,RECOVERY,0.000000,1.000000,0.978516,0.000000,0.872162,1.000000,1.000000,0.000000,predict_only,3,1,2,-1.000000,1.000000,225.000000,0,0,0,hard,lost_force_wide,keep,keep,1,lost_force_wide,lost_force_wide_veto
227,1,0.709168,0.00021484,0.000000,226,0.019754,keep,RECOVERY,0.000000,1.000000,0.978516,0.000000,0.864601,1.000000,1.000000,0.000000,predict_only,2,1,1,-1.000000,1.000000,226.000000,0,0,0,hard,lost_force_wide,keep,keep,1,lost_force_wide,lost_force_wide_veto
228,1,0.710084,0.00021484,0.000000,227,0.020429,keep,RECOVERY,0.000000,1.000000,0.978516,0.000000,0.876046,1.000000,1.000000,0.000000,predict_only,3,1,2,-1.000000,1.000000,227.000000,0,0,0,hard,lost_force_wide,keep,keep,1,lost_force_wide,lost_force_wide_veto
229,1,0.709430,0.00021484,0.000000,228,0.019835,keep,RECOVERY,0.000000,1.000000,0.978516,0.000000,0.867877,1.000000,1.000000,0.000000,predict_only,2,1,1,-1.000000,1.000000,228.000000,0,0,0,hard,lost_force_wide,keep,keep,1,lost_force_wide,lost_force_wide_veto
230,1,0.705553,0.00021484,0.000000,229,0.020655,keep,RECOVERY,0.000000,1.000000,0.978516,0.000000,0.819407,1.000000,1.000000,0.000000,predict_only,3,2,1,-1.000000,1.000000,229.000000,0,0,0,hard,lost_force_wide,keep,keep,1,lost_force_wide,lost_force_wide_veto
231,1,0.709807,0.00021484,0.000000,230,0.019874,keep,RECOVERY,0.000000,1.000000,0.978516,0.000000,0.872589,1.000000,1.000000,0.000000,predict_only,2,1,1,-1.000000,1.000000,230.000000,0,0,0,hard,lost_force_wide,keep,keep,1,lost_force_wide,lost_force_wide_veto
232,1,0.710602,0.00021484,0.000000,231,0.019261,keep,RECOVERY,0.000000,1.000000,0.978516,0.000000,0.882521,1.000000,1.000000,0.000000,predict_only,3,2,1,-1.000000,1.000000,231.000000,0,0,0,hard,lost_force_wide,keep,keep,1,lost_force_wide,lost_force_wide_veto
233,1,0.710062,0.00021484,0.000000,232,0.019753,keep,RECOVERY,0.000000,1.000000,0.978516,0.000000,0.875772,1.000000,1.000000,0.000000,predict_only,2,1,1,-1.000000,1.000000,232.000000,0,0,0,hard,lost_force_wide,keep,keep,1,lost_force_wide,lost_force_wide_veto
234,1,0.709736,0.00021484,0.000000,233,0.021223,keep,RECOVERY,0.000000,1.000000,0.978516,0.000000,0.871700,1.000000,1.000000,0.000000,predict_only,2,1,1,-1.000000,1.000000,233.000000,0,0,0,hard,lost_force_wide,keep,keep,1,lost_force_wide,lost_force_wide_veto
235,1,0.704928,0.00021484,0.000000,234,0.021618,keep,RECOVERY,0.000000,1.000000,0.978516,0.000000,0.811600,1.000000,1.000000,0.000000,predict_only,3,2,1,-1.000000,1.000000,234.000000,0,0,0,hard,lost_force_wide,keep,keep,1,lost_force_wide,lost_force_wide_veto
236,1,0.708744,0.00021484,0.000000,235,0.020677,keep,RECOVERY,0.000000,1.000000,0.978516,0.000000,0.859295,1.000000,1.000000,0.000000,predict_only,3,2,1,-1.000000,1.000000,235.000000,0,0,0,hard,lost_force_wide,keep,keep,1,lost_force_wide,lost_force_wide_veto
237,1,0.709226,0.00021484,0.000000,236,0.019852,keep,RECOVERY,0.000000,1.000000,0.978516,0.000000,0.865329,1.000000,1.000000,0.000000,predict_only,2,1,1,-1.000000,1.000000,236.000000,0,0,0,hard,lost_force_wide,keep,keep,1,lost_force_wide,lost_force_wide_veto
238,1,0.710194,0.00021484,0.000000,237,0.019685,keep,RECOVERY,0.000000,1.000000,0.978516,0.000000,0.877424,1.000000,1.000000,0.000000,predict_only,3,2,1,-1.000000,1.000000,237.000000,0,0,0,hard,lost_force_wide,keep,keep,1,lost_force_wide,lost_force_wide_veto
239,1,0.710193,0.00021484,0.000000,238,0.019352,keep,RECOVERY,0.000000,1.000000,0.978516,0.000000,0.877417,1.000000,1.000000,0.000000,predict_only,3,1,2,-1.000000,1.000000,238.000000,0,0,0,hard,lost_force_wide,keep,keep,1,lost_force_wide,lost_force_wide_veto
240,1,0.705226,0.00021484,0.000000,239,0.019618,keep,RECOVERY,0.000000,1.000000,0.978516,0.000000,0.815325,1.000000,1.000000,0.000000,predict_only,3,1,2,-1.000000,1.000000,239.000000,0,0,0,hard,lost_force_wide,keep,keep,1,lost_force_wide,lost_force_wide_veto
241,1,0.709454,0.00021484,0.000000,240,0.019869,keep,RECOVERY,0.000000,1.000000,0.978516,0.000000,0.868180,1.000000,1.000000,0.000000,predict_only,3,1,2,-1.000000,1.000000,240.000000,0,0,0,hard,lost_force_wide,keep,keep,1,lost_force_wide,lost_force_wide_veto
242,1,0.710498,0.00021484,0.000000,241,0.020034,keep,RECOVERY,0.000000,1.000000,0.978516,0.000000,0.881222,1.000000,1.000000,0.000000,predict_only,3,1,2,-1.000000,1.000000,241.000000,0,0,0,hard,lost_force_wide,keep,keep,1,lost_force_wide,lost_force_wide_veto
243,1,0.710677,0.00021484,0.000000,242,0.019991,keep,RECOVERY,0.000000,1.000000,0.978516,0.000000,0.883463,1.000000,1.000000,0.000000,predict_only,2,1,1,-1.000000,1.000000,242.000000,0,0,0,hard,lost_force_wide,keep,keep,1,lost_force_wide,lost_force_wide_veto
244,1,0.711082,0.00021484,0.000000,243,0.020140,keep,RECOVERY,0.000000,1.000000,0.978516,0.000000,0.888527,1.000000,1.000000,0.000000,predict_only,2,1,1,-1.000000,1.000000,243.000000,0,0,0,hard,lost_force_wide,keep,keep,1,lost_force_wide,lost_force_wide_veto
245,1,0.706989,0.00021484,0.000000,244,0.020052,keep,RECOVERY,0.000000,1.000000,0.978516,0.000000,0.837363,1.000000,1.000000,0.000000,predict_only,2,1,1,-1.000000,1.000000,244.000000,0,0,0,hard,lost_force_wide,keep,keep,1,lost_force_wide,lost_force_wide_veto
246,1,0.710354,0.00021484,0.000000,245,0.020124,keep,RECOVERY,0.000000,1.000000,0.978516,0.000000,0.879425,1.000000,1.000000,0.000000,predict_only,2,1,1,-1.000000,1.000000,245.000000,0,0,0,hard,lost_force_wide,keep,keep,1,lost_force_wide,lost_force_wide_veto
247,1,0.710459,0.00021484,0.000000,246,0.019781,keep,RECOVERY,0.000000,1.000000,0.978516,0.000000,0.880740,1.000000,1.000000,0.000000,predict_only,3,1,2,-1.000000,1.000000,246.000000,0,0,0,hard,lost_force_wide,keep,keep,1,lost_force_wide,lost_force_wide_veto
248,1,0.710987,0.00021484,0.000000,247,0.020719,keep,RECOVERY,0.000000,1.000000,0.978516,0.000000,0.887338,1.000000,1.000000,0.000000,predict_only,2,1,1,-1.000000,1.000000,247.000000,0,0,0,hard,lost_force_wide,keep,keep,1,lost_force_wide,lost_force_wide_veto
249,1,0.710941,0.00021484,0.000000,248,0.020790,keep,RECOVERY,0.000000,1.000000,0.978516,0.000000,0.886763,1.000000,1.000000,0.000000,predict_only,2,1,1,-1.000000,1.000000,248.000000,0,0,0,hard,lost_force_wide,keep,keep,1,lost_force_wide,lost_force_wide_veto
250,1,0.707107,0.00021484,0.000000,249,0.020012,keep,RECOVERY,0.000000,1.000000,0.978516,0.000000,0.838834,1.000000,1.000000,0.000000,predict_only,2,1,1,-1.000000,1.000000,249.000000,0,0,0,hard,lost_force_wide,keep,keep,1,lost_force_wide,lost_force_wide_veto
251,1,0.710742,0.00021484,0.000000,250,0.019482,keep,RECOVERY,0.000000,1.000000,0.978516,0.000000,0.884273,1.000000,1.000000,0.000000,predict_only,2,1,1,-1.000000,1.000000,250.000000,0,0,0,hard,lost_force_wide,keep,keep,1,lost_force_wide,lost_force_wide_veto
252,1,0.711885,0.00021484,0.000000,251,0.019406,keep,RECOVERY,0.000000,1.000000,0.978516,0.000000,0.898564,1.000000,1.000000,0.000000,predict_only,2,1,1,-1.000000,1.000000,251.000000,0,0,0,hard,lost_force_wide,keep,keep,1,lost_force_wide,lost_force_wide_veto
253,1,0.711913,0.00021484,0.000000,252,0.018945,keep,RECOVERY,0.000000,1.000000,0.978516,0.000000,0.898918,1.000000,1.000000,0.000000,predict_only,2,1,1,-1.000000,1.000000,252.000000,0,0,0,hard,lost_force_wide,keep,keep,1,lost_force_wide,lost_force_wide_veto
254,1,0.713193,0.00021484,0.000000,253,0.019610,keep,RECOVERY,0.000000,1.000000,0.978516,0.000000,0.914914,1.000000,1.000000,0.000000,predict_only,2,1,1,-1.000000,1.000000,253.000000,0,0,0,hard,lost_force_wide,keep,keep,1,lost_force_wide,lost_force_wide_veto
255,1,0.708962,0.00021484,0.000000,254,0.019208,keep,RECOVERY,0.000000,1.000000,0.978516,0.000000,0.862019,1.000000,1.000000,0.000000,predict_only,2,1,1,-1.000000,1.000000,254.000000,0,0,0,hard,lost_force_wide,keep,keep,1,lost_force_wide,lost_force_wide_veto
256,1,0.712156,0.00021484,0.000000,255,0.020230,keep,RECOVERY,0.000000,1.000000,0.978516,0.000000,0.901949,1.000000,1.000000,0.000000,predict_only,1,1,0,-1.000000,1.000000,255.000000,0,0,0,hard,lost_force_wide,keep,keep,1,lost_force_wide,lost_force_wide_veto
257,1,0.712083,0.00021484,0.000000,256,0.019478,keep,RECOVERY,0.000000,1.000000,0.978516,0.000000,0.901036,1.000000,1.000000,0.000000,predict_only,2,1,1,-1.000000,1.000000,256.000000,0,0,0,hard,lost_force_wide,keep,keep,1,lost_force_wide,lost_force_wide_veto
258,1,0.712288,0.00021484,0.000000,257,0.021184,keep,RECOVERY,0.000000,1.000000,0.978516,0.000000,0.903602,1.000000,1.000000,0.000000,predict_only,1,1,0,-1.000000,1.000000,257.000000,0,0,0,hard,lost_force_wide,keep,keep,1,lost_force_wide,lost_force_wide_veto
259,1,0.713065,0.00021484,0.000000,258,0.020414,keep,RECOVERY,0.000000,1.000000,0.978516,0.000000,0.913308,1.000000,1.000000,0.000000,predict_only,2,1,1,-1.000000,1.000000,258.000000,0,0,0,hard,lost_force_wide,keep,keep,1,lost_force_wide,lost_force_wide_veto
260,1,0.709799,0.00021484,0.000000,259,0.020221,keep,RECOVERY,0.000000,1.000000,0.978516,0.000000,0.872491,1.000000,1.000000,0.000000,predict_only,1,1,0,-1.000000,1.000000,259.000000,0,0,0,hard,lost_force_wide,keep,keep,1,lost_force_wide,lost_force_wide_veto
261,1,0.713268,0.00021484,0.000000,260,0.019844,keep,RECOVERY,0.000000,1.000000,0.978516,0.000000,0.915854,1.000000,1.000000,0.000000,predict_only,1,1,0,-1.000000,1.000000,260.000000,0,0,0,hard,lost_force_wide,keep,keep,1,lost_force_wide,lost_force_wide_veto
262,1,0.713766,0.00021484,0.000000,261,0.020172,keep,RECOVERY,0.000000,1.000000,0.978516,0.000000,0.922079,1.000000,1.000000,0.000000,predict_only,1,1,0,-1.000000,1.000000,261.000000,0,0,0,hard,lost_force_wide,keep,keep,1,lost_force_wide,lost_force_wide_veto
263,1,0.713879,0.00021484,0.000000,262,0.020629,keep,RECOVERY,0.000000,1.000000,0.978516,0.000000,0.923485,1.000000,1.000000,0.000000,predict_only,1,1,0,-1.000000,1.000000,262.000000,0,0,0,hard,lost_force_wide,keep,keep,1,lost_force_wide,lost_force_wide_veto
264,1,0.715281,0.00021484,0.000000,263,0.020599,keep,RECOVERY,0.000000,1.000000,0.978516,0.000000,0.941014,1.000000,1.000000,0.000000,predict_only,1,1,0,-1.000000,1.000000,263.000000,0,0,0,hard,lost_force_wide,keep,keep,1,lost_force_wide,lost_force_wide_veto
265,1,0.710642,0.00021484,0.000000,264,0.020534,keep,RECOVERY,0.000000,1.000000,0.978516,0.000000,0.883023,1.000000,1.000000,0.000000,predict_only,1,1,0,-1.000000,1.000000,264.000000,0,0,0,hard,lost_force_wide,keep,keep,1,lost_force_wide,lost_force_wide_veto
266,1,0.713776,0.00021484,0.000000,265,0.019570,keep,RECOVERY,0.000000,1.000000,0.978516,0.000000,0.922204,1.000000,1.000000,0.000000,predict_only,1,1,0,-1.000000,1.000000,265.000000,0,0,0,hard,lost_force_wide,keep,keep,1,lost_force_wide,lost_force_wide_veto
267,1,0.713823,0.00021484,0.000000,266,0.019455,keep,RECOVERY,0.000000,1.000000,0.978516,0.000000,0.922783,1.000000,1.000000,0.000000,predict_only,1,1,0,-1.000000,1.000000,266.000000,0,0,0,hard,lost_force_wide,keep,keep,1,lost_force_wide,lost_force_wide_veto
268,1,0.714410,0.00021484,0.000000,267,0.019213,keep,RECOVERY,0.000000,1.000000,0.978516,0.000000,0.930119,1.000000,1.000000,0.000000,predict_only,1,1,0,-1.000000,1.000000,267.000000,0,0,0,hard,lost_force_wide,keep,keep,1,lost_force_wide,lost_force_wide_veto
269,1,0.713828,0.00021484,0.000000,268,0.019136,keep,RECOVERY,0.000000,1.000000,0.978516,0.000000,0.922850,1.000000,1.000000,0.000000,predict_only,2,1,1,-1.000000,1.000000,268.000000,0,0,0,hard,lost_force_wide,keep,keep,1,lost_force_wide,lost_force_wide_veto
270,1,0.709347,0.00021484,0.000000,269,0.020379,keep,RECOVERY,0.000000,1.000000,0.978516,0.000000,0.866840,1.000000,1.000000,0.000000,predict_only,1,1,0,-1.000000,1.000000,269.000000,0,0,0,hard,lost_force_wide,keep,keep,1,lost_force_wide,lost_force_wide_veto
271,1,0.709795,0.00021484,0.000000,270,0.021452,keep,RECOVERY,0.000000,1.000000,0.978516,0.000000,0.872440,1.000000,1.000000,0.000000,predict_only,1,1,0,-1.000000,1.000000,270.000000,0,0,0,hard,lost_force_wide,keep,keep,1,lost_force_wide,lost_force_wide_veto
272,1,0.708854,0.00021484,0.000000,271,0.020183,keep,RECOVERY,0.000000,1.000000,0.978516,0.000000,0.860680,1.000000,1.000000,0.000000,predict_only,1,1,0,-1.000000,1.000000,271.000000,0,0,0,hard,lost_force_wide,keep,keep,1,lost_force_wide,lost_force_wide_veto
273,1,0.707942,0.00021484,0.000000,272,0.020269,keep,RECOVERY,0.000000,1.000000,0.978516,0.000000,0.849272,1.000000,1.000000,0.000000,predict_only,1,1,0,-1.000000,1.000000,272.000000,0,0,0,hard,lost_force_wide,keep,keep,1,lost_force_wide,lost_force_wide_veto
274,1,0.705564,0.00021484,0.000000,273,0.020236,keep,RECOVERY,0.000000,1.000000,0.978516,0.000000,0.819544,1.000000,1.000000,0.000000,predict_only,2,1,1,-1.000000,1.000000,273.000000,0,0,0,hard,lost_force_wide,keep,keep,1,lost_force_wide,lost_force_wide_veto
275,1,0.700328,0.00021484,0.000000,274,0.020120,keep,RECOVERY,0.000000,1.000000,0.978516,0.000000,0.754099,1.000000,1.000000,0.000000,predict_only,1,1,0,-1.000000,1.000000,274.000000,0,0,0,hard,lost_force_wide,keep,keep,1,lost_force_wide,lost_force_wide_veto
276,1,0.704437,0.00021484,0.000000,275,0.020401,keep,RECOVERY,0.000000,1.000000,0.978516,0.000000,0.805458,1.000000,1.000000,0.000000,predict_only,2,1,1,-1.000000,1.000000,275.000000,0,0,0,hard,lost_force_wide,keep,keep,1,lost_force_wide,lost_force_wide_veto
277,1,0.706330,0.00021484,0.000000,276,0.020002,keep,RECOVERY,0.000000,1.000000,0.978516,0.000000,0.829123,1.000000,1.000000,0.000000,predict_only,2,1,1,-1.000000,1.000000,276.000000,0,0,0,hard,lost_force_wide,keep,keep,1,lost_force_wide,lost_force_wide_veto
278,1,0.705424,0.00021484,0.000000,277,0.021515,keep,RECOVERY,0.000000,1.000000,0.978516,0.000000,0.817794,1.000000,1.000000,0.000000,predict_only,1,1,0,-1.000000,1.000000,277.000000,0,0,0,hard,lost_force_wide,keep,keep,1,lost_force_wide,lost_force_wide_veto
279,1,0.706453,0.00021484,0.000000,278,0.020383,keep,RECOVERY,0.000000,1.000000,0.978516,0.000000,0.830659,1.000000,1.000000,0.000000,predict_only,2,1,1,-1.000000,1.000000,278.000000,0,0,0,hard,lost_force_wide,keep,keep,1,lost_force_wide,lost_force_wide_veto
280,1,0.703095,0.00021484,0.000000,279,0.019774,keep,RECOVERY,0.000000,1.000000,0.978516,0.000000,0.788692,1.000000,1.000000,0.000000,predict_only,1,1,0,-1.000000,1.000000,279.000000,0,0,0,hard,lost_force_wide,keep,keep,1,lost_force_wide,lost_force_wide_veto
281,1,0.705399,0.00021484,0.000000,280,0.019344,keep,RECOVERY,0.000000,1.000000,0.978516,0.000000,0.817484,1.000000,1.000000,0.000000,predict_only,3,2,1,-1.000000,1.000000,280.000000,0,0,0,hard,lost_force_wide,keep,keep,1,lost_force_wide,lost_force_wide_veto
282,1,0.705409,0.00021484,0.000000,281,0.019594,keep,RECOVERY,0.000000,1.000000,0.978516,0.000000,0.817617,1.000000,1.000000,0.000000,predict_only,3,2,1,-1.000000,1.000000,281.000000,0,0,0,hard,lost_force_wide,keep,keep,1,lost_force_wide,lost_force_wide_veto
283,1,0.706913,0.00021484,0.000000,282,0.018731,keep,RECOVERY,0.000000,1.000000,0.978516,0.000000,0.836406,1.000000,1.000000,0.000000,predict_only,2,2,0,-1.000000,1.000000,282.000000,0,0,0,hard,lost_force_wide,keep,keep,1,lost_force_wide,lost_force_wide_veto
284,1,0.706654,0.00021484,0.000000,283,0.018365,keep,RECOVERY,0.000000,1.000000,0.978516,0.000000,0.833175,1.000000,1.000000,0.000000,predict_only,2,2,0,-1.000000,1.000000,283.000000,0,0,0,hard,lost_force_wide,keep,keep,1,lost_force_wide,lost_force_wide_veto
285,1,0.702594,0.00021484,0.000000,284,0.019029,keep,RECOVERY,0.000000,1.000000,0.978516,0.000000,0.782426,1.000000,1.000000,0.000000,predict_only,2,2,0,-1.000000,1.000000,284.000000,0,0,0,hard,lost_force_wide,keep,keep,1,lost_force_wide,lost_force_wide_veto
286,1,0.705793,0.00021484,0.000000,285,0.020141,keep,RECOVERY,0.000000,1.000000,0.978516,0.000000,0.822415,1.000000,1.000000,0.000000,predict_only,3,1,2,-1.000000,1.000000,285.000000,0,0,0,hard,lost_force_wide,keep,keep,1,lost_force_wide,lost_force_wide_veto
287,1,0.707251,0.00021484,0.000000,286,0.020084,keep,RECOVERY,0.000000,1.000000,0.978516,0.000000,0.840641,1.000000,1.000000,0.000000,predict_only,3,1,2,-1.000000,1.000000,286.000000,0,0,0,hard,lost_force_wide,keep,keep,1,lost_force_wide,lost_force_wide_veto
288,1,0.703880,0.00021484,0.000000,287,0.020632,keep,RECOVERY,0.000000,1.000000,0.978516,0.000000,0.798499,1.000000,1.000000,0.000000,predict_only,7,2,5,-1.000000,1.000000,287.000000,0,0,0,hard,lost_force_wide,keep,keep,1,lost_force_wide,lost_force_wide_veto
289,1,0.700750,0.00021484,0.000000,288,0.021259,keep,RECOVERY,0.000000,1.000000,0.978516,0.000000,0.759371,1.000000,1.000000,0.000000,predict_only,7,2,5,-1.000000,1.000000,288.000000,0,0,0,hard,lost_force_wide,keep,keep,1,lost_force_wide,lost_force_wide_veto
290,1,0.693677,0.00021484,0.000000,289,0.020486,keep,RECOVERY,0.000000,1.000000,0.978516,0.000000,0.670961,1.000000,1.000000,0.000000,predict_only,7,5,2,-1.000000,1.000000,289.000000,0,0,0,hard,lost_force_wide,keep,keep,1,lost_force_wide,lost_force_wide_veto
291,1,0.697854,0.00021484,0.000000,290,0.019941,keep,RECOVERY,0.000000,1.000000,0.978516,0.000000,0.723169,1.000000,1.000000,0.000000,predict_only,8,1,7,-1.000000,1.000000,290.000000,0,0,0,hard,lost_force_wide,keep,keep,1,lost_force_wide,lost_force_wide_veto
292,1,0.699792,0.00021484,0.000000,291,0.019891,keep,RECOVERY,0.000000,1.000000,0.978516,0.000000,0.747404,1.000000,1.000000,0.000000,predict_only,11,2,9,-1.000000,1.000000,291.000000,0,0,0,hard,lost_force_wide,keep,keep,1,lost_force_wide,lost_force_wide_veto
293,1,0.700649,0.00021484,0.000000,292,0.020094,keep,RECOVERY,0.000000,1.000000,0.978516,0.000000,0.758115,1.000000,1.000000,0.000000,predict_only,9,2,7,-1.000000,1.000000,292.000000,0,0,0,hard,lost_force_wide,keep,keep,1,lost_force_wide,lost_force_wide_veto
294,1,0.701271,0.00021484,0.000000,293,0.020834,keep,RECOVERY,0.000000,1.000000,0.978516,0.000000,0.765889,1.000000,1.000000,0.000000,predict_only,8,2,6,-1.000000,1.000000,293.000000,0,0,0,hard,lost_force_wide,keep,keep,1,lost_force_wide,lost_force_wide_veto
295,1,0.696269,0.00021484,0.000000,294,0.020043,keep,RECOVERY,0.000000,1.000000,0.978516,0.000000,0.703366,1.000000,1.000000,0.000000,predict_only,6,1,5,-1.000000,1.000000,294.000000,0,0,0,hard,lost_force_wide,keep,keep,1,lost_force_wide,lost_force_wide_veto
296,1,0.700449,0.00021484,0.000000,295,0.019360,keep,RECOVERY,0.000000,1.000000,0.978516,0.000000,0.755607,1.000000,1.000000,0.000000,predict_only,5,1,4,-1.000000,1.000000,295.000000,0,0,0,hard,lost_force_wide,keep,keep,1,lost_force_wide,lost_force_wide_veto
297,1,0.702613,0.00021484,0.000000,296,0.018956,keep,RECOVERY,0.000000,1.000000,0.978516,0.000000,0.782658,1.000000,1.000000,0.000000,predict_only,4,1,3,-1.000000,1.000000,296.000000,0,0,0,hard,lost_force_wide,keep,keep,1,lost_force_wide,lost_force_wide_veto
298,1,0.703092,0.00021484,0.000000,297,0.018785,keep,RECOVERY,0.000000,1.000000,0.978516,0.000000,0.788654,1.000000,1.000000,0.000000,predict_only,5,1,4,-1.000000,1.000000,297.000000,0,0,0,hard,lost_force_wide,keep,keep,1,lost_force_wide,lost_force_wide_veto
299,1,0.703081,0.00021484,0.000000,298,0.019644,keep,RECOVERY,0.000000,1.000000,0.978516,0.000000,0.788514,1.000000,1.000000,0.000000,predict_only,4,1,3,-1.000000,1.000000,298.000000,0,0,0,hard,lost_force_wide,keep,keep,1,lost_force_wide,lost_force_wide_veto
300,1,0.698787,0.00021484,0.000000,299,0.018761,keep,RECOVERY,0.000000,1.000000,0.978516,0.000000,0.734832,1.000000,1.000000,0.000000,predict_only,3,1,2,-1.000000,1.000000,299.000000,0,0,0,hard,lost_force_wide,keep,keep,1,lost_force_wide,lost_force_wide_veto
301,1,0.702697,0.00021484,0.000000,300,0.018671,keep,RECOVERY,0.000000,1.000000,0.978516,0.000000,0.783712,1.000000,1.000000,0.000000,predict_only,4,1,3,-1.000000,1.000000,300.000000,0,0,0,hard,lost_force_wide,keep,keep,1,lost_force_wide,lost_force_wide_veto
302,1,0.704288,0.00021484,0.000000,301,0.019743,keep,RECOVERY,0.000000,1.000000,0.978516,0.000000,0.803606,1.000000,1.000000,0.000000,predict_only,3,1,2,-1.000000,1.000000,301.000000,0,0,0,hard,lost_force_wide,keep,keep,1,lost_force_wide,lost_force_wide_veto
303,1,0.705872,0.00021484,0.000000,302,0.019905,keep,RECOVERY,0.000000,1.000000,0.978516,0.000000,0.823401,1.000000,1.000000,0.000000,predict_only,2,1,1,-1.000000,1.000000,302.000000,0,0,0,hard,lost_force_wide,keep,keep,1,lost_force_wide,lost_force_wide_veto
304,1,0.705484,0.00021484,0.000000,303,0.019505,keep,RECOVERY,0.000000,1.000000,0.978516,0.000000,0.818552,1.000000,1.000000,0.000000,predict_only,3,1,2,-1.000000,1.000000,303.000000,0,0,0,hard,lost_force_wide,keep,keep,1,lost_force_wide,lost_force_wide_veto
305,1,0.701257,0.00021484,0.000000,304,0.020090,keep,RECOVERY,0.000000,1.000000,0.978516,0.000000,0.765716,1.000000,1.000000,0.000000,predict_only,2,1,1,-1.000000,1.000000,304.000000,0,0,0,hard,lost_force_wide,keep,keep,1,lost_force_wide,lost_force_wide_veto
306,1,0.703273,0.00021484,0.000000,305,0.019601,keep,RECOVERY,0.000000,1.000000,0.978516,0.000000,0.790915,1.000000,1.000000,0.000000,predict_only,3,1,2,-1.000000,1.000000,305.000000,0,0,0,hard,lost_force_wide,keep,keep,1,lost_force_wide,lost_force_wide_veto
307,1,0.703868,0.00021484,0.000000,306,0.019438,keep,RECOVERY,0.000000,1.000000,0.978516,0.000000,0.798352,1.000000,1.000000,0.000000,predict_only,2,1,1,-1.000000,1.000000,306.000000,0,0,0,hard,lost_force_wide,keep,keep,1,lost_force_wide,lost_force_wide_veto
308,1,0.705459,0.00021484,0.000000,307,0.019929,keep,RECOVERY,0.000000,1.000000,0.978516,0.000000,0.818241,1.000000,1.000000,0.000000,predict_only,3,1,2,-1.000000,1.000000,307.000000,0,0,0,hard,lost_force_wide,keep,keep,1,lost_force_wide,lost_force_wide_veto
309,1,0.704511,0.00021484,0.000000,308,0.019278,keep,RECOVERY,0.000000,1.000000,0.978516,0.000000,0.806383,1.000000,1.000000,0.000000,predict_only,1,1,0,-1.000000,1.000000,308.000000,0,0,0,hard,lost_force_wide,keep,keep,1,lost_force_wide,lost_force_wide_veto
310,1,0.699279,0.00021484,0.000000,309,0.020259,keep,RECOVERY,0.000000,1.000000,0.978516,0.000000,0.740986,1.000000,1.000000,0.000000,predict_only,1,1,0,-1.000000,1.000000,309.000000,0,0,0,hard,lost_force_wide,keep,keep,1,lost_force_wide,lost_force_wide_veto
311,1,0.702936,0.00021484,0.000000,310,0.020373,keep,RECOVERY,0.000000,1.000000,0.978516,0.000000,0.786696,1.000000,1.000000,0.000000,predict_only,1,1,0,-1.000000,1.000000,310.000000,0,0,0,hard,lost_force_wide,keep,keep,1,lost_force_wide,lost_force_wide_veto
312,1,0.703518,0.00021484,0.000000,311,0.018745,keep,RECOVERY,0.000000,1.000000,0.978516,0.000000,0.793973,1.000000,1.000000,0.000000,predict_only,2,1,1,-1.000000,1.000000,311.000000,0,0,0,hard,lost_force_wide,keep,keep,1,lost_force_wide,lost_force_wide_veto
313,1,0.704580,0.00021484,0.000000,312,0.019150,keep,RECOVERY,0.000000,1.000000,0.978516,0.000000,0.807248,1.000000,1.000000,0.000000,predict_only,2,1,1,-1.000000,1.000000,312.000000,0,0,0,hard,lost_force_wide,keep,keep,1,lost_force_wide,lost_force_wide_veto
314,1,0.703320,0.00021484,0.000000,313,0.018429,keep,RECOVERY,0.000000,1.000000,0.978516,0.000000,0.791501,1.000000,1.000000,0.000000,predict_only,3,1,2,-1.000000,1.000000,313.000000,0,0,0,hard,lost_force_wide,keep,keep,1,lost_force_wide,lost_force_wide_veto
315,1,0.699308,0.00021484,0.000000,314,0.019764,keep,RECOVERY,0.000000,1.000000,0.978516,0.000000,0.741349,1.000000,1.000000,0.000000,predict_only,4,1,3,-1.000000,1.000000,314.000000,0,0,0,hard,lost_force_wide,keep,keep,1,lost_force_wide,lost_force_wide_veto
316,1,0.703262,0.00021484,0.000000,315,0.019428,keep,RECOVERY,0.000000,1.000000,0.978516,0.000000,0.790769,1.000000,1.000000,0.000000,predict_only,2,1,1,-1.000000,1.000000,315.000000,0,0,0,hard,lost_force_wide,keep,keep,1,lost_force_wide,lost_force_wide_veto
317,1,0.702795,0.00021484,0.000000,316,0.020308,keep,RECOVERY,0.000000,1.000000,0.978516,0.000000,0.784935,1.000000,1.000000,0.000000,predict_only,3,1,2,-1.000000,1.000000,316.000000,0,0,0,hard,lost_force_wide,keep,keep,1,lost_force_wide,lost_force_wide_veto
318,1,0.703517,0.00021484,0.000000,317,0.020032,keep,RECOVERY,0.000000,1.000000,0.978516,0.000000,0.793957,1.000000,1.000000,0.000000,predict_only,2,1,1,-1.000000,1.000000,317.000000,0,0,0,hard,lost_force_wide,keep,keep,1,lost_force_wide,lost_force_wide_veto
319,1,0.703195,0.00021484,0.000000,318,0.019687,keep,RECOVERY,0.000000,1.000000,0.978516,0.000000,0.789935,1.000000,1.000000,0.000000,predict_only,1,1,0,-1.000000,1.000000,318.000000,0,0,0,hard,lost_force_wide,keep,keep,1,lost_force_wide,lost_force_wide_veto
320,1,0.700745,0.00021484,0.000000,319,0.020116,keep,RECOVERY,0.000000,1.000000,0.978516,0.000000,0.759317,1.000000,1.000000,0.000000,predict_only,1,1,0,-1.000000,1.000000,319.000000,0,0,0,hard,lost_force_wide,keep,keep,1,lost_force_wide,lost_force_wide_veto
321,1,0.701429,0.00021484,0.000000,320,0.020323,keep,RECOVERY,0.000000,1.000000,0.978516,0.000000,0.767857,1.000000,1.000000,0.000000,predict_only,1,1,0,-1.000000,1.000000,320.000000,0,0,0,hard,lost_force_wide,keep,keep,1,lost_force_wide,lost_force_wide_veto
322,1,0.701520,0.00021484,0.000000,321,0.020313,keep,RECOVERY,0.000000,1.000000,0.978516,0.000000,0.769006,1.000000,1.000000,0.000000,predict_only,1,1,0,-1.000000,1.000000,321.000000,0,0,0,hard,lost_force_wide,keep,keep,1,lost_force_wide,lost_force_wide_veto
323,1,0.701892,0.00021484,0.000000,322,0.020455,keep,RECOVERY,0.000000,1.000000,0.978516,0.000000,0.773648,1.000000,1.000000,0.000000,predict_only,2,1,1,-1.000000,1.000000,322.000000,0,0,0,hard,lost_force_wide,keep,keep,1,lost_force_wide,lost_force_wide_veto
324,1,0.702982,0.00021484,0.000000,323,0.020077,keep,RECOVERY,0.000000,1.000000,0.978516,0.000000,0.787275,1.000000,1.000000,0.000000,predict_only,1,1,0,-1.000000,1.000000,323.000000,0,0,0,hard,lost_force_wide,keep,keep,1,lost_force_wide,lost_force_wide_veto
325,1,0.702746,0.00021484,0.000000,324,0.021306,keep,RECOVERY,0.000000,1.000000,0.978516,0.000000,0.784328,1.000000,1.000000,0.000000,predict_only,1,1,0,-1.000000,1.000000,324.000000,0,0,0,hard,lost_force_wide,keep,keep,1,lost_force_wide,lost_force_wide_veto
326,1,0.703119,0.00021484,0.000000,325,0.019755,keep,RECOVERY,0.000000,1.000000,0.978516,0.000000,0.788992,1.000000,1.000000,0.000000,predict_only,1,1,0,-1.000000,1.000000,325.000000,0,0,0,hard,lost_force_wide,keep,keep,1,lost_force_wide,lost_force_wide_veto
327,1,0.705337,0.00021484,0.000000,326,0.018999,keep,RECOVERY,0.000000,1.000000,0.978516,0.000000,0.816709,1.000000,1.000000,0.000000,predict_only,1,1,0,-1.000000,1.000000,326.000000,0,0,0,hard,lost_force_wide,keep,keep,1,lost_force_wide,lost_force_wide_veto
328,1,0.705625,0.00021484,0.000000,327,0.018153,keep,RECOVERY,0.000000,1.000000,0.978516,0.000000,0.820308,1.000000,1.000000,0.000000,predict_only,1,1,0,-1.000000,1.000000,327.000000,0,0,0,hard,lost_force_wide,keep,keep,1,lost_force_wide,lost_force_wide_veto
329,1,0.706040,0.00021484,0.000000,328,0.019160,keep,RECOVERY,0.000000,1.000000,0.978516,0.000000,0.825501,1.000000,1.000000,0.000000,predict_only,2,1,1,-1.000000,1.000000,328.000000,0,0,0,hard,lost_force_wide,keep,keep,1,lost_force_wide,lost_force_wide_veto
330,1,0.706094,0.00021484,0.000000,329,0.019399,keep,RECOVERY,0.000000,1.000000,0.978516,0.000000,0.826171,1.000000,1.000000,0.000000,predict_only,1,1,0,-1.000000,1.000000,329.000000,0,0,0,hard,lost_force_wide,keep,keep,1,lost_force_wide,lost_force_wide_veto
331,1,0.706602,0.00021484,0.000000,330,0.019613,keep,RECOVERY,0.000000,1.000000,0.978516,0.000000,0.832519,1.000000,1.000000,0.000000,predict_only,2,1,1,-1.000000,1.000000,330.000000,0,0,0,hard,lost_force_wide,keep,keep,1,lost_force_wide,lost_force_wide_veto
332,1,0.706856,0.00021484,0.000000,331,0.019170,keep,RECOVERY,0.000000,1.000000,0.978516,0.000000,0.835703,1.000000,1.000000,0.000000,predict_only,2,1,1,-1.000000,1.000000,331.000000,0,0,0,hard,lost_force_wide,keep,keep,1,lost_force_wide,lost_force_wide_veto
333,1,0.707149,0.00021484,0.000000,332,0.019369,keep,RECOVERY,0.000000,1.000000,0.978516,0.000000,0.839367,1.000000,1.000000,0.000000,predict_only,2,1,1,-1.000000,1.000000,332.000000,0,0,0,hard,lost_force_wide,keep,keep,1,lost_force_wide,lost_force_wide_veto
334,1,0.706704,0.00021484,0.000000,333,0.020043,keep,RECOVERY,0.000000,1.000000,0.978516,0.000000,0.833803,1.000000,1.000000,0.000000,predict_only,2,1,1,-1.000000,1.000000,333.000000,0,0,0,hard,lost_force_wide,keep,keep,1,lost_force_wide,lost_force_wide_veto
335,1,0.707708,0.00021484,0.000000,334,0.020171,keep,RECOVERY,0.000000,1.000000,0.978516,0.000000,0.846356,1.000000,1.000000,0.000000,predict_only,3,1,2,-1.000000,1.000000,334.000000,0,0,0,hard,lost_force_wide,keep,keep,1,lost_force_wide,lost_force_wide_veto
336,1,0.707743,0.00021484,0.000000,335,0.019614,keep,RECOVERY,0.000000,1.000000,0.978516,0.000000,0.846782,1.000000,1.000000,0.000000,predict_only,3,1,2,-1.000000,1.000000,335.000000,0,0,0,hard,lost_force_wide,keep,keep,1,lost_force_wide,lost_force_wide_veto
337,1,0.707614,0.00021484,0.000000,336,0.019849,keep,RECOVERY,0.000000,1.000000,0.978516,0.000000,0.845180,1.000000,1.000000,0.000000,predict_only,2,2,0,-1.000000,1.000000,336.000000,0,0,0,hard,lost_force_wide,keep,keep,1,lost_force_wide,lost_force_wide_veto
338,1,0.708885,0.00021484,0.000000,337,0.020022,keep,RECOVERY,0.000000,1.000000,0.978516,0.000000,0.861061,1.000000,1.000000,0.000000,predict_only,2,1,1,-1.000000,1.000000,337.000000,0,0,0,hard,lost_force_wide,keep,keep,1,lost_force_wide,lost_force_wide_veto
339,1,0.707076,0.00021484,0.000000,338,0.019637,keep,RECOVERY,0.000000,1.000000,0.978516,0.000000,0.838447,1.000000,1.000000,0.000000,predict_only,3,1,2,-1.000000,1.000000,338.000000,0,0,0,hard,lost_force_wide,keep,keep,1,lost_force_wide,lost_force_wide_veto
340,1,0.707298,0.00021484,0.000000,339,0.018752,keep,RECOVERY,0.000000,1.000000,0.978516,0.000000,0.841223,1.000000,1.000000,0.000000,predict_only,2,1,1,-1.000000,1.000000,339.000000,0,0,0,hard,lost_force_wide,keep,keep,1,lost_force_wide,lost_force_wide_veto
341,1,0.707222,0.00021484,0.000000,340,0.018447,keep,RECOVERY,0.000000,1.000000,0.978516,0.000000,0.840271,1.000000,1.000000,0.000000,predict_only,1,1,0,-1.000000,1.000000,340.000000,0,0,0,hard,lost_force_wide,keep,keep,1,lost_force_wide,lost_force_wide_veto
342,1,0.706980,0.00021484,0.000000,341,0.018236,keep,RECOVERY,0.000000,1.000000,0.978516,0.000000,0.837247,1.000000,1.000000,0.000000,predict_only,1,1,0,-1.000000,1.000000,341.000000,0,0,0,hard,lost_force_wide,keep,keep,1,lost_force_wide,lost_force_wide_veto
343,1,0.707294,0.00021484,0.000000,342,0.018386,keep,RECOVERY,0.000000,1.000000,0.978516,0.000000,0.841177,1.000000,1.000000,0.000000,predict_only,1,1,0,-1.000000,1.000000,342.000000,0,0,0,hard,lost_force_wide,keep,keep,1,lost_force_wide,lost_force_wide_veto
344,1,0.706365,0.00021484,0.000000,343,0.018633,keep,RECOVERY,0.000000,1.000000,0.978516,0.000000,0.829561,1.000000,1.000000,0.000000,predict_only,1,1,0,-1.000000,1.000000,343.000000,0,0,0,hard,lost_force_wide,keep,keep,1,lost_force_wide,lost_force_wide_veto
345,1,0.705940,0.00021484,0.000000,344,0.020479,keep,RECOVERY,0.000000,1.000000,0.978516,0.000000,0.824245,1.000000,1.000000,0.000000,predict_only,1,1,0,-1.000000,1.000000,344.000000,0,0,0,hard,lost_force_wide,keep,keep,1,lost_force_wide,lost_force_wide_veto
346,1,0.705572,0.00021484,0.000000,345,0.019671,keep,RECOVERY,0.000000,1.000000,0.978516,0.000000,0.819655,1.000000,1.000000,0.000000,predict_only,2,1,1,-1.000000,1.000000,345.000000,0,0,0,hard,lost_force_wide,keep,keep,1,lost_force_wide,lost_force_wide_veto
347,1,0.704926,0.00021484,0.000000,346,0.020235,keep,RECOVERY,0.000000,1.000000,0.978516,0.000000,0.811574,1.000000,1.000000,0.000000,predict_only,2,1,1,-1.000000,1.000000,346.000000,0,0,0,hard,lost_force_wide,keep,keep,1,lost_force_wide,lost_force_wide_veto
348,1,0.703783,0.00021484,0.000000,347,0.020134,keep,RECOVERY,0.000000,1.000000,0.978516,0.000000,0.797292,1.000000,1.000000,0.000000,predict_only,2,1,1,-1.000000,1.000000,347.000000,0,0,0,hard,lost_force_wide,keep,keep,1,lost_force_wide,lost_force_wide_veto
349,1,0.702768,0.00021484,0.000000,348,0.019862,keep,RECOVERY,0.000000,1.000000,0.978516,0.000000,0.784602,1.000000,1.000000,0.000000,predict_only,1,1,0,-1.000000,1.000000,348.000000,0,0,0,hard,lost_force_wide,keep,keep,1,lost_force_wide,lost_force_wide_veto
350,1,0.702677,0.00021484,0.000000,349,0.019703,keep,RECOVERY,0.000000,1.000000,0.978516,0.000000,0.783466,1.000000,1.000000,0.000000,predict_only,2,1,1,-1.000000,1.000000,349.000000,0,0,0,hard,lost_force_wide,keep,keep,1,lost_force_wide,lost_force_wide_veto
351,1,0.703952,0.00021484,0.000000,350,0.019487,keep,RECOVERY,0.000000,1.000000,0.978516,0.000000,0.799404,1.000000,1.000000,0.000000,predict_only,1,1,0,-1.000000,1.000000,350.000000,0,0,0,hard,lost_force_wide,keep,keep,1,lost_force_wide,lost_force_wide_veto
352,1,0.703481,0.00021484,0.000000,351,0.019578,keep,RECOVERY,0.000000,1.000000,0.978516,0.000000,0.793508,1.000000,1.000000,0.000000,predict_only,3,1,2,-1.000000,1.000000,351.000000,0,0,0,hard,lost_force_wide,keep,keep,1,lost_force_wide,lost_force_wide_veto
353,1,0.702834,0.00021484,0.000000,352,0.020154,keep,RECOVERY,0.000000,1.000000,0.978516,0.000000,0.785424,1.000000,1.000000,0.000000,predict_only,3,1,2,-1.000000,1.000000,352.000000,0,0,0,hard,lost_force_wide,keep,keep,1,lost_force_wide,lost_force_wide_veto
