method,sequence,frames,mean_iou,success_auc,precision_20,mean_cle,invalid_pred_count,invalid_gt_count,valid_eval_frames
confidence_only,bike1,1029,0.19737352196047483,0.20358129107371375,0.2750242954324587,400.2015952486352,0,0,1029
confidence_only,bike2,185,0.0217001617001617,0.03136205512443125,0.06486486486486487,59555.24651777563,0,11,174
confidence_only,bike3,145,0.02912154782337338,0.03857972004096958,0.0896551724137931,157.5635988296872,0,0,145
confidence_only,boat1,301,0.8977692049397601,0.8938521759152659,0.9800664451827242,3.5862206541227377,0,0,301
confidence_only,boat2,267,0.5071355460761299,0.5089553899210144,0.5692883895131086,257.0663836720166,0,0,267
confidence_only,boat3,301,0.07394861596036777,0.0826617545475478,0.08305647840531562,769.2635710920592,0,0,301
confidence_only,boat4,185,0.8329020397842058,0.8299170457586307,0.9621621621621622,6.152821966708717,0,0,185
confidence_only,boat5,169,0.06990236796272961,0.07862206338977115,0.07100591715976332,537.3282536650272,0,0,169
confidence_only,boat6,269,0.7484639516663236,0.7460708896168431,0.9925650557620818,2.3073808564913043,0,0,269
confidence_only,boat7,179,0.9026938528460173,0.8987222744620831,0.994413407821229,3.1676690742097118,0,0,179
confidence_only,boat8,229,0.28672382584804884,0.2911496389813653,0.7336244541484717,16.60454122636759,0,0,229
confidence_only,boat9,467,0.4892500817924058,0.4910424661309813,0.6552462526766595,146.75377499056154,0,0,467
confidence_only,building1,157,0.02337726772075991,0.03285615185722405,0.03184713375796178,224.73256923288076,0,0,157
confidence_only,building2,193,0.1734030668856632,0.18006463858821148,0.22797927461139897,250.32959201575204,0,0,193
confidence_only,building3,277,0.008856610256084642,0.018622439861314677,0.01444043321299639,667.1407159861819,0,0,277
confidence_only,building4,263,0.1536698038224341,0.16093814704664364,0.22433460076045628,507.5857565254398,0,0,263
confidence_only,building5,161,0.04780232119468841,0.056392595781317334,0.09316770186335403,223.35900260759416,0,0,161
confidence_only,car10,469,0.8548218800341841,0.8515907027803,1.0,1.762133471912353,0,0,469
confidence_only,car11,113,0.033275553812698214,0.04249539998247611,0.07079646017699115,97504.93478405819,0,11,102
confidence_only,car12,167,0.008976917958953888,0.018734807612497767,0.017964071856287425,173948.98096769268,0,29,138
confidence_only,car13,139,0.007194244604316547,0.01702400455872921,0.014388489208633094,376.53933408842164,0,0,139
confidence_only,car14,443,0.10494961167991106,0.11317971526272268,0.13544018058690746,56680.8539201146,0,25,418
confidence_only,car15,157,0.02678748389595681,0.03619852431102992,0.08917197452229299,218.9799461041506,0,0,157
confidence_only,car17,353,0.005198940588019156,0.014837461083218753,0.0764872521246459,170.22151996659528,0,0,353
confidence_only,car18,403,0.9022561843354204,0.8982138908679945,0.9975186104218362,2.7811917019349788,0,0,403
confidence_only,car1_s,492,0.0024407058792930317,0.012315865732914714,0.0020325203252032522,427.6408432000996,0,0,492
confidence_only,car2,441,0.007381806131641135,0.01713028445701713,0.011337868480725623,7037.041496326331,0,3,438
confidence_only,car2_s,107,0.032379615068165536,0.04173221060423793,0.102803738317757,595.2422567884495,0,0,107
confidence_only,car3,573,0.14007154641493955,0.14737442330620504,0.22164048865619546,296.06058133476205,0,0,573
confidence_only,car3_s,434,0.1572155609351512,0.1643016836245837,0.17050691244239632,617.9828208492945,0,0,434
confidence_only,car4,449,0.08866895339721387,0.09680478070078702,0.18040089086859687,194.2757445432977,0,0,449
confidence_only,car4_s,277,0.0075751878183890585,0.017371412231475925,0.007220216606498195,588.6404796314104,0,0,277
confidence_only,car5,249,0.7437658013219728,0.7424549683884043,0.7911646586345381,93.77330369743147,0,0,249
confidence_only,car7,345,0.021575111943881314,0.030994403788204908,0.028985507246376812,67005.34552533792,0,23,322
confidence_only,car9,627,0.8165296389833231,0.8134287112921814,0.9856459330143541,2.238028862201471,0,0,627
confidence_only,person1,267,0.7712858428567706,0.7684948270107911,1.0,5.638529997439996,0,0,267
confidence_only,person10,341,0.1689276872272576,0.1761563253099504,0.19941348973607037,158774.9819371468,0,54,287
confidence_only,person11,241,0.7828853176491328,0.7798775728195225,0.970954356846473,5.1621084725429505,0,0,241
confidence_only,person13,295,0.005016965462742813,0.01483470380936393,0.006779661016949152,300.5802142812368,0,0,295
confidence_only,person15,447,0.8175459874241051,0.8144062728420494,1.0,1.6201675906007564,0,0,447
confidence_only,person16,383,0.10473100670870125,0.1129178191970633,0.13315926892950392,91805.98144413809,0,35,348
confidence_only,person18,465,0.4649137814198354,0.4658149685936335,0.33548387096774196,67.50071395979978,0,0,465
confidence_only,person1_s,534,0.0475559454416217,0.05660622241999478,0.06179775280898876,565.7121422925776,0,0,534
confidence_only,person20,595,0.21653949000799075,0.22259755387303432,0.2689075630252101,236.88604640893368,0,0,595
confidence_only,person21,163,0.010602507042372132,0.0203486606329344,0.06134969325153374,208.86868870619367,0,0,163
confidence_only,person22,67,0.8385570159799678,0.8352297916358804,1.0,1.0411289800887351,0,0,67
confidence_only,person23,133,0.008762906999510357,0.018164222437281375,0.007518796992481203,320.200166486278,0,0,133
confidence_only,person2_s,84,0.8253441596562995,0.8221357850070722,0.9642857142857143,7.186046839699732,0,0,84
confidence_only,person3,215,0.823060314373697,0.8195717246143215,1.0,3.0226858251132054,0,0,215
confidence_only,person3_s,169,0.3263219338547902,0.33007206046048404,0.27218934911242604,166.96492467144614,0,0,169
confidence_only,person6,301,0.8259539759323555,0.8227032005526136,1.0,2.7309333043622637,0,0,301
confidence_only,person9,221,0.05517222560788426,0.06424443349312302,0.06334841628959276,54883.855403520116,0,12,209
confidence_only,truck1,155,0.4431399094249038,0.4458639412328327,0.38064516129032255,180.0907183764781,0,0,155
confidence_only,truck2,129,0.02149650083770516,0.031007751937984534,0.023255813953488372,613.998944503092,0,0,129
confidence_only,truck3,179,0.012772749431097493,0.02245699430278225,0.0223463687150838,466.9109563284165,0,0,179
confidence_only,uav2,45,0.022222222222222223,0.03190319031903183,0.06666666666666667,111179.19931802305,0,5,40
confidence_only,uav3,89,0.012325816747541324,0.02202692179330291,0.011235955056179775,337.1217566427186,0,0,89
confidence_only,uav4,53,0.0218345512862311,0.030076592564916984,0.16981132075471697,56.33971492590132,0,0,53
confidence_only,uav5,47,0.02127659574468085,0.030966926479882067,0.02127659574468085,194.96724361978082,0,0,47
confidence_only,uav6,37,0.10747014712576518,0.11533315493711525,0.1891891891891892,27079.888410836997,0,1,36
confidence_only,uav7,125,0.008603351955307263,0.018376237623762382,0.016,40202.406370202094,0,5,120
confidence_only,uav8,101,0.009900990099009901,0.01970395059307912,0.009900990099009901,168.7550408756673,0,0,101
confidence_only,wakeboard1,141,0.7533509766215976,0.7509304121901558,0.8936170212765957,8.845747101853025,0,0,141
confidence_only,wakeboard10,157,0.06949173496455671,0.0764961846503124,0.35668789808917195,25.434703224666983,0,0,157
confidence_only,wakeboard2,245,0.23146232479697124,0.23758335017175186,0.2857142857142857,489.98034839071704,0,0,245
confidence_only,wakeboard3,275,0.13909892145011718,0.14671467146714687,0.19272727272727272,170.81666734925176,0,0,275
confidence_only,wakeboard4,233,0.7895610350682046,0.786300089236392,0.9656652360515021,4.4871569476721165,0,0,233
confidence_only,wakeboard5,559,0.04001342279926861,0.049239270975398146,0.05008944543828265,588.7725359750591,0,0,559
confidence_only,wakeboard6,389,0.19899756061559642,0.20568097940899474,0.23393316195372751,233.71956094854733,0,0,389
confidence_only,wakeboard7,67,0.8431820445683507,0.8396630707846904,1.0,1.8072694160540044,0,0,67
confidence_only,wakeboard8,515,0.29621153821590746,0.3012208016918196,0.42135922330097086,145.33902943044643,0,0,515
confidence_only,wakeboard9,119,0.008403361344537815,0.018221149846077016,0.008403361344537815,194.41193880723046,0,0,119
fixed_tele,bike1,1029,0.5638311818490994,0.5632499109969304,0.6355685131195336,18.62349370191721,0,0,1029
fixed_tele,bike2,185,0.0217001617001617,0.03136205512443125,0.06486486486486487,59642.41551327188,0,11,174
fixed_tele,bike3,145,0.02912154782337338,0.03857972004096958,0.0896551724137931,157.5635988296872,0,0,145
fixed_tele,boat1,301,0.1664113297450623,0.17334956086970815,0.14285714285714285,369.19510602642663,0,0,301
fixed_tele,boat2,267,0.9311670614629908,0.9268365038751065,1.0,2.4950183154308894,0,0,267
fixed_tele,boat3,301,0.8312255899089821,0.8279661853228513,0.9833887043189369,8.809993972753146,0,0,301
fixed_tele,boat4,185,0.8653049247693907,0.8614396574792619,0.9945945945945946,5.044849375230219,0,0,185
fixed_tele,boat5,169,0.9243838603647901,0.9204405647665358,1.0,2.341307774136218,0,0,169
fixed_tele,boat6,269,0.7639879936532141,0.761308844639111,0.9925650557620818,2.2167700690833856,0,0,269
fixed_tele,boat7,179,0.8978560916342574,0.8941313125725989,0.9608938547486033,4.209980574852865,0,0,179
fixed_tele,boat8,229,0.030122882053543246,0.039387781572917044,0.06986899563318777,465.60280100348524,0,0,229
fixed_tele,boat9,467,0.46580161984725504,0.4681451014480466,0.6017130620985011,249.54561648413278,0,0,467
fixed_tele,building1,157,0.02337726772075991,0.03285615185722405,0.03184713375796178,224.73256923288076,0,0,157
fixed_tele,building2,193,0.17344570221866357,0.18006463858821148,0.22797927461139897,345.93537341226346,0,0,193
fixed_tele,building3,277,0.01416206277096199,0.023733781320370354,0.02527075812274368,392.45367443423726,0,0,277
fixed_tele,building4,263,0.02266117969966703,0.03207469035876975,0.026615969581749048,927.7964104455324,0,0,263
fixed_tele,building5,161,0.036544266465936386,0.04575364368735002,0.09316770186335403,699.4209620474529,0,0,161
fixed_tele,car10,469,0.8564369675108827,0.8528573539656743,1.0,1.7109666004608841,0,0,469
fixed_tele,car11,113,0.033275553812698214,0.04249539998247611,0.07079646017699115,97504.93478405819,0,11,102
fixed_tele,car12,167,0.030260099117179022,0.039663247761902005,0.05389221556886228,174206.52159564948,0,29,138
fixed_tele,car13,139,0.007194244604316547,0.01702400455872921,0.014388489208633094,376.53933408842164,0,0,139
fixed_tele,car14,443,0.09073297082924811,0.0992557495027156,0.11060948081264109,56858.18851288118,0,25,418
fixed_tele,car15,157,0.05353260396944242,0.06243299489184597,0.11464968152866242,221.23157251124684,0,0,157
fixed_tele,car17,353,0.9135398672400726,0.9095447788404897,1.0,1.9861417689641667,0,0,353
fixed_tele,car18,403,0.8981960203327872,0.8944058177529913,0.9652605459057072,3.5318696370549887,0,0,403
fixed_tele,car1_s,492,0.01791012214605514,0.027428962408435904,0.02032520325203252,834.6637842506166,0,0,492
fixed_tele,car2,441,0.36610257562146,0.37040030533665613,0.4331065759637188,6976.780900336061,0,3,438
fixed_tele,car2_s,107,0.16458970621915844,0.17192560377533092,0.21495327102803738,601.652798693124,0,0,107
fixed_tele,car3,573,0.7530042202011766,0.7503153456706934,0.9965095986038395,2.0330816409412265,0,0,573
fixed_tele,car3_s,434,0.10765861694912564,0.11580052014418037,0.08755760368663594,666.7453934146907,0,0,434
fixed_tele,car4,449,0.24118852474245123,0.24710577962027788,0.2962138084632517,243.2912429453047,0,0,449
fixed_tele,car4_s,277,0.04868055949095579,0.05754727097258464,0.032490974729241874,848.5425323220969,0,0,277
fixed_tele,car5,249,0.9252225878441278,0.9213089983697167,1.0,3.504687489005104,0,0,249
fixed_tele,car7,345,0.18103784660239383,0.18806141483713584,0.22318840579710145,66840.41481320055,0,23,322
fixed_tele,car9,627,0.3635497877460601,0.3678841568367367,0.4258373205741627,219.6136341278862,0,0,627
fixed_tele,person1,267,0.8513071932708737,0.8484073126413767,1.0,2.8762763422616997,0,0,267
fixed_tele,person10,341,0.18174457443221073,0.18884469092070488,0.19941348973607037,158776.1144829945,0,54,287
fixed_tele,person11,241,0.793960219109676,0.7910932172055377,0.979253112033195,4.885636107303429,0,0,241
fixed_tele,person13,295,0.65126400685338,0.6495720758516529,0.9220338983050848,10.495758682108782,0,0,295
fixed_tele,person15,447,0.5956511677067323,0.5960085941480053,0.7203579418344519,30.68847673818743,0,0,447
fixed_tele,person16,383,0.10245376931139492,0.11074632267404279,0.13315926892950392,91815.4336258459,0,35,348
fixed_tele,person18,465,0.5422054887757171,0.5418077291600129,0.2645161290322581,61.37882522352689,0,0,465
fixed_tele,person1_s,534,0.01903667926522625,0.028590499499388113,0.02247191011235955,793.5388773134374,0,0,534
fixed_tele,person20,595,0.4808092901137203,0.48100507529744646,0.2235294117647059,81.81128660868738,0,0,595
fixed_tele,person21,163,0.12863765281916534,0.13618417056429571,0.22085889570552147,172.4869022063854,0,0,163
fixed_tele,person22,67,0.8541570882416566,0.850746268656716,1.0,1.016128327000242,0,0,67
fixed_tele,person23,133,0.007518796992481203,0.017345343556912137,0.007518796992481203,435.6623115286505,0,0,133
fixed_tele,person2_s,84,0.8190475388006225,0.816242338519566,0.9047619047619048,7.460416946677414,0,0,84
fixed_tele,person3,215,0.8410923247918191,0.837669813492977,1.0,2.46973361995475,0,0,215
fixed_tele,person3_s,169,0.27003485120824106,0.2745913644618901,0.14201183431952663,166.7534253770274,0,0,169
fixed_tele,person6,301,0.8656948258085025,0.862076905364955,1.0,1.8812724574243764,0,0,301
fixed_tele,person9,221,0.05726010752795057,0.06630527306124273,0.06787330316742081,54887.659784489486,0,12,209
fixed_tele,truck1,155,0.7349751964549173,0.7326732673267325,0.6838709677419355,24.00119941353102,0,0,155
fixed_tele,truck2,129,0.020844458896436567,0.030470488909356087,0.023255813953488372,520.0281464102803,0,0,129
fixed_tele,truck3,179,0.012772749431097493,0.02245699430278225,0.0223463687150838,466.9109563284165,0,0,179
fixed_tele,uav2,45,0.022222222222222223,0.03190319031903183,0.06666666666666667,111179.19931802305,0,5,40
fixed_tele,uav3,89,0.02347408616977459,0.03281788853042611,0.10112359550561797,235.18234536929222,0,0,89
fixed_tele,uav4,53,0.018867924528301886,0.028582103493368302,0.11320754716981132,68.32781690621104,0,0,53
fixed_tele,uav5,47,0.02127659574468085,0.030966926479882067,0.02127659574468085,194.96724361978082,0,0,47
fixed_tele,uav6,37,0.039957604663487016,0.0492373561680493,0.08108108108108109,27196.164491904536,0,1,36
fixed_tele,uav7,125,0.008603351955307263,0.018376237623762382,0.016,40105.854567509414,0,5,120
fixed_tele,uav8,101,0.009900990099009901,0.01970395059307912,0.009900990099009901,388.3869065583664,0,0,101
fixed_tele,wakeboard1,141,0.8011082793868265,0.7979074503195003,0.9361702127659575,6.937034555803392,0,0,141
fixed_tele,wakeboard10,157,0.696946496921094,0.6950242794980136,1.0,2.9641059836772006,0,0,157
fixed_tele,wakeboard2,245,0.19686152039359778,0.20367751060820397,0.24081632653061225,529.5379578307457,0,0,245
fixed_tele,wakeboard3,275,0.1583417575802593,0.16561656165616567,0.22181818181818183,395.47927134585984,0,0,275
fixed_tele,wakeboard4,233,0.00482287460935275,0.014660264309692842,0.004291845493562232,545.7491191811002,0,0,233
fixed_tele,wakeboard5,559,0.5415740623814645,0.5424998671602402,0.667262969588551,146.45319889349395,0,0,559
fixed_tele,wakeboard6,389,0.19877607461819713,0.205502812492046,0.23393316195372751,234.65697844795426,0,0,389
fixed_tele,wakeboard7,67,0.8365243140510323,0.8328653760898481,1.0,1.997601540512812,0,0,67
fixed_tele,wakeboard8,515,0.4099916354981401,0.41318850331635115,0.5320388349514563,225.97292703429653,0,0,515
fixed_tele,wakeboard9,119,0.008403361344537815,0.018221149846077016,0.008403361344537815,178.69998139972046,0,0,119
fixed_wide,bike1,1029,0.2000119225552352,0.2062658160859816,0.2662779397473275,400.88552297442203,0,0,1029
fixed_wide,bike2,185,0.0217001617001617,0.03136205512443125,0.06486486486486487,59555.24651777563,0,11,174
fixed_wide,bike3,145,0.02912154782337338,0.03857972004096958,0.0896551724137931,157.5635988296872,0,0,145
fixed_wide,boat1,301,0.9132483363832048,0.9092135127133975,1.0,3.2249688589937517,0,0,301
fixed_wide,boat2,267,0.9278628397182641,0.9234249267623393,1.0,2.3239241986506096,0,0,267
fixed_wide,boat3,301,0.8872127768612599,0.8834906746488601,1.0,5.4819289392745025,0,0,301
fixed_wide,boat4,185,0.781378228844762,0.7785924538399793,0.972972972972973,8.490511824998773,0,0,185
fixed_wide,boat5,169,0.9144121102789238,0.9105395746675258,1.0,2.876491717153056,0,0,169
fixed_wide,boat6,269,0.722372072851988,0.7198277448562703,1.0,1.716804386445594,0,0,269
fixed_wide,boat7,179,0.8570836706555056,0.8534764090934233,1.0,5.061675157248223,0,0,179
fixed_wide,boat8,229,0.2799063938989846,0.28453456699381735,0.7117903930131004,16.678914258967687,0,0,229
fixed_wide,boat9,467,0.47462147680513384,0.4765620030953842,0.6552462526766595,147.01871492909632,0,0,467
fixed_wide,building1,157,0.02337726772075991,0.03285615185722405,0.03184713375796178,224.73256923288076,0,0,157
fixed_wide,building2,193,0.1734030668856632,0.18006463858821148,0.22797927461139897,250.32959201575204,0,0,193
fixed_wide,building3,277,0.008856610256084642,0.018622439861314677,0.01444043321299639,667.1407159861819,0,0,277
fixed_wide,building4,263,0.49434670713609846,0.4945224560478862,0.6768060836501901,19.11997412543887,0,0,263
fixed_wide,building5,161,0.04780232119468841,0.056392595781317334,0.09316770186335403,223.35900260759416,0,0,161
fixed_wide,car10,469,0.8325050121215701,0.8292343093584413,1.0,2.0251963409058127,0,0,469
fixed_wide,car11,113,0.033275553812698214,0.04249539998247611,0.07079646017699115,97504.93478405819,0,11,102
fixed_wide,car12,167,0.008976917958953888,0.018734807612497767,0.017964071856287425,173948.98096769268,0,29,138
fixed_wide,car13,139,0.007194244604316547,0.01702400455872921,0.014388489208633094,376.53933408842164,0,0,139
fixed_wide,car14,443,0.10514939167539292,0.11326911472185594,0.13769751693002258,56679.87150911561,0,25,418
fixed_wide,car15,157,0.02678748389595681,0.03619852431102992,0.08917197452229299,218.9799461041506,0,0,157
fixed_wide,car17,353,0.005198940588019156,0.014837461083218753,0.0764872521246459,170.22151996659528,0,0,353
fixed_wide,car18,403,0.9137262594672346,0.9095152691447802,1.0,2.1879031118288013,0,0,403
fixed_wide,car1_s,492,0.0024407058792930317,0.012315865732914714,0.0020325203252032522,427.6408432000996,0,0,492
fixed_wide,car2,441,0.007381806131641135,0.01713028445701713,0.011337868480725623,7037.041496326331,0,3,438
fixed_wide,car2_s,107,0.18381645039518005,0.19061719256037768,0.205607476635514,592.9748391822537,0,0,107
fixed_wide,car3,573,0.1370826586047393,0.14436783992535385,0.22164048865619546,296.1343310131483,0,0,573
fixed_wide,car3_s,434,0.18067670294130544,0.1877081717388326,0.20046082949308755,566.6128090752849,0,0,434
fixed_wide,car4,449,0.08866895339721387,0.09680478070078702,0.18040089086859687,194.2757445432977,0,0,449
fixed_wide,car4_s,277,0.120428431967082,0.128283947528327,0.13357400722021662,374.1195201556302,0,0,277
fixed_wide,car5,249,0.9458933709088445,0.9416278977295324,1.0,2.233638990672405,0,0,249
fixed_wide,car7,345,0.021575111943881314,0.030994403788204908,0.028985507246376812,67005.34552533792,0,23,322
fixed_wide,car9,627,0.7761644186361522,0.7735247208931415,0.9840510366826156,2.843323995132224,0,0,627
fixed_wide,person1,267,0.842852641325293,0.8394333815404016,1.0,3.119228559115258,0,0,267
fixed_wide,person10,341,0.17491509554477766,0.18199239278766588,0.19941348973607037,158777.4306493004,0,54,287
fixed_wide,person11,241,0.7928531800288533,0.7900250605973457,0.9336099585062241,5.719401940268568,0,0,241
fixed_wide,person13,295,0.005016965462742813,0.01483470380936393,0.006779661016949152,300.5802142812368,0,0,295
fixed_wide,person15,447,0.8335895460448592,0.8302434270272661,1.0,1.9077972022858851,0,0,447
fixed_wide,person16,383,0.10512927655797681,0.11333143758240044,0.13315926892950392,91776.85438139233,0,35,348
fixed_wide,person18,465,0.6810200403783258,0.6796976471840728,0.7548387096774194,34.4972259695369,0,0,465
fixed_wide,person1_s,534,0.0358420434472503,0.04514777320428665,0.04868913857677903,692.178833108546,0,0,534
fixed_wide,person20,595,0.8056083116042555,0.8027123720775432,0.8756302521008403,10.16163984040126,0,0,595
fixed_wide,person21,163,0.010602507042372132,0.0203486606329344,0.06134969325153374,208.86868870619367,0,0,163
fixed_wide,person22,67,0.7363898314477765,0.7341510270430031,1.0,2.4238669997708198,0,0,67
fixed_wide,person23,133,0.008762906999510357,0.018164222437281375,0.007518796992481203,320.200166486278,0,0,133
fixed_wide,person2_s,84,0.8326760982068345,0.8290900518623299,0.9047619047619048,8.583673136443142,0,0,84
fixed_wide,person3,215,0.7963729557787848,0.7935988947731978,1.0,4.540805650834413,0,0,215
fixed_wide,person3_s,169,0.35326771471876584,0.3573144296678192,0.3431952662721893,167.05016380481376,0,0,169
fixed_wide,person6,301,0.838811769218015,0.8353343640011842,1.0,2.108919957566853,0,0,301
fixed_wide,person9,221,0.05517222560788426,0.06424443349312302,0.06334841628959276,54883.855403520116,0,12,209
fixed_wide,truck1,155,0.8187666255415328,0.8153944426700729,0.8129032258064516,12.542477334818635,0,0,155
fixed_wide,truck2,129,0.02149650083770516,0.031007751937984534,0.023255813953488372,613.998944503092,0,0,129
fixed_wide,truck3,179,0.012772749431097493,0.02245699430278225,0.0223463687150838,466.9109563284165,0,0,179
fixed_wide,uav2,45,0.022222222222222223,0.03190319031903183,0.06666666666666667,111179.19931802305,0,5,40
fixed_wide,uav3,89,0.012325816747541324,0.02202692179330291,0.011235955056179775,337.1217566427186,0,0,89
fixed_wide,uav4,53,0.021690964223270152,0.029889781430973397,0.18867924528301888,58.523078045142945,0,0,53
fixed_wide,uav5,47,0.02127659574468085,0.030966926479882067,0.02127659574468085,194.96724361978082,0,0,47
fixed_wide,uav6,37,0.10747014712576518,0.11533315493711525,0.1891891891891892,27079.888410836997,0,1,36
fixed_wide,uav7,125,0.008603351955307263,0.018376237623762382,0.016,40202.406370202094,0,5,120
fixed_wide,uav8,101,0.009900990099009901,0.01970395059307912,0.009900990099009901,168.7550408756673,0,0,101
fixed_wide,wakeboard1,141,0.7914557303462967,0.7890597570395339,1.0,6.1708447729232825,0,0,141
fixed_wide,wakeboard10,157,0.06949173496455671,0.0764961846503124,0.35668789808917195,25.434703224666983,0,0,157
fixed_wide,wakeboard2,245,0.6378651546095875,0.6372196403313796,0.8775510204081632,40.55596415476791,0,0,245
fixed_wide,wakeboard3,275,0.1562357893993268,0.16334833483348357,0.22181818181818183,396.3299079077621,0,0,275
fixed_wide,wakeboard4,233,0.7914317504024162,0.788637232821995,0.9699570815450643,4.0963245169606886,0,0,233
fixed_wide,wakeboard5,559,0.5315867663834393,0.5325634531252769,0.7710196779964222,26.251305999225416,0,0,559
fixed_wide,wakeboard6,389,0.18012001042030895,0.18697345312937452,0.2365038560411311,242.78901564240158,0,0,389
fixed_wide,wakeboard7,67,0.7730002450202503,0.7699128121767411,1.0,2.5753301733652867,0,0,67
fixed_wide,wakeboard8,515,0.22651011775695465,0.2325290781505334,0.3378640776699029,148.06939256343543,0,0,515
fixed_wide,wakeboard9,119,0.008403361344537815,0.018221149846077016,0.008403361344537815,194.41193880723046,0,0,119
scale_only,bike1,1029,0.20529358531534628,0.21144242704153784,0.2944606413994169,398.9519674268854,0,0,1029
scale_only,bike2,185,0.0217001617001617,0.03136205512443125,0.06486486486486487,59555.24651777563,0,11,174
scale_only,bike3,145,0.02912154782337338,0.03857972004096958,0.0896551724137931,157.5635988296872,0,0,145
scale_only,boat1,301,0.9194119414562012,0.915298838853985,1.0,2.6249222081289507,0,0,301
scale_only,boat2,267,0.9292112112110933,0.9250936329588015,1.0,2.5201008480057134,0,0,267
scale_only,boat3,301,0.860531213894603,0.8569783888687871,1.0,6.538562854132929,0,0,301
scale_only,boat4,185,0.8359140086430709,0.8327000267594331,0.9675675675675676,6.284949292281956,0,0,185
scale_only,boat5,169,0.9225226284722932,0.9184486495986878,1.0,2.3551368761191656,0,0,169
scale_only,boat6,269,0.784413863841962,0.7815893113474919,1.0,2.0455235395585487,0,0,269
scale_only,boat7,179,0.9073437484419008,0.9036451131146631,0.9888268156424581,3.180643908967555,0,0,179
scale_only,boat8,229,0.09901240324900158,0.10657615979938596,0.45414847161572053,55.511702959627186,0,0,229
scale_only,boat9,467,0.20035457071646168,0.2068607288994424,0.26552462526766596,98.6204595437786,0,0,467
scale_only,building1,157,0.02337726772075991,0.03285615185722405,0.03184713375796178,224.73256923288076,0,0,157
scale_only,building2,193,0.1734030668856632,0.18006463858821148,0.22797927461139897,250.32959201575204,0,0,193
scale_only,building3,277,0.008856610256084642,0.018622439861314677,0.01444043321299639,667.1407159861819,0,0,277
scale_only,building4,263,0.04085559865950239,0.04995670669728567,0.049429657794676805,215.60811679947844,0,0,263
scale_only,building5,161,0.04734281410714096,0.055962117950925594,0.08695652173913043,223.4035452046588,0,0,161
scale_only,car10,469,0.8556812529293731,0.8521395849606287,1.0,1.7762317953908497,0,0,469
scale_only,car11,113,0.033275553812698214,0.04249539998247611,0.07079646017699115,97504.93478405819,0,11,102
scale_only,car12,167,0.008976917958953888,0.018734807612497767,0.017964071856287425,173948.98096769268,0,29,138
scale_only,car13,139,0.007194244604316547,0.01702400455872921,0.014388489208633094,376.53933408842164,0,0,139
scale_only,car14,443,0.16385235934275197,0.17111056478108294,0.2076749435665914,56834.51270280651,0,25,418
scale_only,car15,157,0.02678748389595681,0.03619852431102992,0.08917197452229299,218.9799461041506,0,0,157
scale_only,car17,353,0.005198940588019156,0.014837461083218753,0.0764872521246459,170.22151996659528,0,0,353
scale_only,car18,403,0.9126224570891973,0.9086799498808442,1.0,2.167050756880785,0,0,403
scale_only,car1_s,492,0.0024407058792930317,0.012315865732914714,0.0020325203252032522,427.6408432000996,0,0,492
scale_only,car2,441,0.007381806131641135,0.01713028445701713,0.011337868480725623,7037.041496326331,0,3,438
scale_only,car2_s,107,0.032379615068165536,0.04173221060423793,0.102803738317757,595.2422567884495,0,0,107
scale_only,car3,573,0.6426996860839448,0.6418709933820611,0.8865619546247818,12.239279261444697,0,0,573
scale_only,car3_s,434,0.15762737536316693,0.16471232376693895,0.17050691244239632,618.2860460364446,0,0,434
scale_only,car4,449,0.07374002348648703,0.08196432115371885,0.133630289532294,282.7592227838562,0,0,449
scale_only,car4_s,277,0.0075751878183890585,0.017371412231475925,0.007220216606498195,588.6404796314104,0,0,277
scale_only,car5,249,0.9537042886466378,0.9494612111813592,1.0,2.0710565925297284,0,0,249
scale_only,car7,345,0.021575111943881314,0.030994403788204908,0.028985507246376812,67005.34552533792,0,23,322
scale_only,car9,627,0.36617620487404584,0.37034756107189704,0.4258373205741627,227.19743906007616,0,0,627
scale_only,person1,267,0.851305107557244,0.8484073126413768,1.0,2.8785552794609157,0,0,267
scale_only,person10,341,0.18188263158731316,0.18896083156702756,0.19941348973607037,158776.1052265898,0,54,287
scale_only,person11,241,0.7883294532807011,0.7854648535392955,0.9626556016597511,5.127041235299887,0,0,241
scale_only,person13,295,0.005016965462742813,0.01483470380936393,0.006779661016949152,300.5802142812368,0,0,295
scale_only,person15,447,0.8190089139124611,0.8161339623895275,1.0,1.6479183974958045,0,0,447
scale_only,person16,383,0.10446954457618914,0.11268515885531107,0.13315926892950392,91807.26937291725,0,35,348
scale_only,person18,465,0.6810517679047084,0.6796976471840728,0.7548387096774194,34.49975790694115,0,0,465
scale_only,person1_s,534,0.19797694330138754,0.20465754440612577,0.25280898876404495,558.2973383261342,0,0,534
scale_only,person20,595,0.8240130431985846,0.8207671187286794,0.9109243697478991,8.667941420448907,0,0,595
scale_only,person21,163,0.010602507042372132,0.0203486606329344,0.06134969325153374,208.86868870619367,0,0,163
scale_only,person22,67,0.8269494224872638,0.8237032658489737,1.0,1.1034222931057716,0,0,67
scale_only,person23,133,0.008762906999510357,0.018164222437281375,0.007518796992481203,320.200166486278,0,0,133
scale_only,person2_s,84,0.8364120497561526,0.8330975954738332,0.9642857142857143,6.95402833168397,0,0,84
scale_only,person3,215,0.837987519412417,0.8347225420216439,1.0,2.441890458959142,0,0,215
scale_only,person3_s,169,0.3581611115096247,0.3619427031460545,0.3668639053254438,152.0143617160507,0,0,169
scale_only,person6,301,0.8648552757825118,0.8612545639946056,1.0,1.896916355310765,0,0,301
scale_only,person9,221,0.05517222560788426,0.06424443349312302,0.06334841628959276,54883.855403520116,0,12,209
scale_only,truck1,155,0.4731483054448019,0.4755669115298623,0.45161290322580644,178.3704034499097,0,0,155
scale_only,truck2,129,0.02149650083770516,0.031007751937984534,0.023255813953488372,613.998944503092,0,0,129
scale_only,truck3,179,0.012772749431097493,0.02245699430278225,0.0223463687150838,466.9109563284165,0,0,179
scale_only,uav2,45,0.022222222222222223,0.03190319031903183,0.06666666666666667,111179.19931802305,0,5,40
scale_only,uav3,89,0.012325816747541324,0.02202692179330291,0.011235955056179775,337.1217566427186,0,0,89
scale_only,uav4,53,0.021727389727205556,0.029889781430973397,0.18867924528301888,58.47294252440851,0,0,53
scale_only,uav5,47,0.02127659574468085,0.030966926479882067,0.02127659574468085,194.96724361978082,0,0,47
scale_only,uav6,37,0.10747014712576518,0.11533315493711525,0.1891891891891892,27079.888410836997,0,1,36
scale_only,uav7,125,0.008603351955307263,0.018376237623762382,0.016,40202.406370202094,0,5,120
scale_only,uav8,101,0.009900990099009901,0.01970395059307912,0.009900990099009901,168.7550408756673,0,0,101
scale_only,wakeboard1,141,0.8073011996535244,0.804016571869953,1.0,5.404435761110743,0,0,141
scale_only,wakeboard10,157,0.6911886628936499,0.6891593617960522,1.0,2.356611220362602,0,0,157
scale_only,wakeboard2,245,0.19344994320161543,0.20040412204485777,0.24081632653061225,529.6216843035629,0,0,245
scale_only,wakeboard3,275,0.13862330135146045,0.14624662466246638,0.19272727272727272,192.80973703431997,0,0,275
scale_only,wakeboard4,233,0.811090868876878,0.8081842519015857,1.0,3.6360078558561297,0,0,233
scale_only,wakeboard5,559,0.538508077315971,0.5395419685081208,0.667262969588551,147.10370993236916,0,0,559
scale_only,wakeboard6,389,0.19921447420278354,0.20601186082618528,0.23393316195372751,218.22264178309962,0,0,389
scale_only,wakeboard7,67,0.8368480911568893,0.8333087040047292,1.0,2.0084183857214883,0,0,67
scale_only,wakeboard8,515,0.3807932043208196,0.38431221762952983,0.5320388349514563,223.20429003945603,0,0,515
scale_only,wakeboard9,119,0.008403361344537815,0.018221149846077016,0.008403361344537815,194.41193880723046,0,0,119
ufz,bike1,1029,0.6155895340363726,0.614429081392104,0.8007774538386784,15.455615922717026,0,0,1029
ufz,bike2,185,0.0217001617001617,0.03136205512443125,0.06486486486486487,59555.24651777563,0,11,174
ufz,bike3,145,0.02912154782337338,0.03857972004096958,0.0896551724137931,157.5635988296872,0,0,145
ufz,boat1,301,0.9199941768013031,0.9158909246406368,1.0,2.5369750998954492,0,0,301
ufz,boat2,267,0.9292112112110933,0.9250936329588015,1.0,2.5201008480057134,0,0,267
ufz,boat3,301,0.8657316909417698,0.8625045228775371,1.0,6.401292327212043,0,0,301
ufz,boat4,185,0.8359140086430709,0.8327000267594331,0.9675675675675676,6.284949292281956,0,0,185
ufz,boat5,169,0.9233342839125861,0.9195031929228427,1.0,2.2896343943839472,0,0,169
ufz,boat6,269,0.7827094307951327,0.7798225919246203,1.0,2.0391962687734155,0,0,269
ufz,boat7,179,0.904125432328209,0.9006582222468057,0.9776536312849162,3.482173607075852,0,0,179
ufz,boat8,229,0.09901240324900158,0.10657615979938596,0.45414847161572053,55.511702959627186,0,0,229
ufz,boat9,467,0.20064957818071172,0.20722115038056266,0.26552462526766596,98.61581798547135,0,0,467
ufz,building1,157,0.02337726772075991,0.03285615185722405,0.03184713375796178,224.73256923288076,0,0,157
ufz,building2,193,0.1734030668856632,0.18006463858821148,0.22797927461139897,250.32959201575204,0,0,193
ufz,building3,277,0.008856610256084642,0.018622439861314677,0.01444043321299639,667.1407159861819,0,0,277
ufz,building4,263,0.04085559865950239,0.04995670669728567,0.049429657794676805,206.338202161094,0,0,263
ufz,building5,161,0.04780232119468841,0.056392595781317334,0.09316770186335403,223.35900260759416,0,0,161
ufz,car10,469,0.8556812529293731,0.8521395849606287,1.0,1.7762317953908497,0,0,469
ufz,car11,113,0.033275553812698214,0.04249539998247611,0.07079646017699115,97504.93478405819,0,11,102
ufz,car12,167,0.008976917958953888,0.018734807612497767,0.017964071856287425,173948.98096769268,0,29,138
ufz,car13,139,0.007194244604316547,0.01702400455872921,0.014388489208633094,376.53933408842164,0,0,139
ufz,car14,443,0.1638990745519961,0.17113291464586627,0.2076749435665914,56834.51354787492,0,25,418
ufz,car15,157,0.02678748389595681,0.03619852431102992,0.08917197452229299,218.9799461041506,0,0,157
ufz,car17,353,0.005198940588019156,0.014837461083218753,0.0764872521246459,170.22151996659528,0,0,353
ufz,car18,403,0.9122644330931979,0.9083114266761665,1.0,2.1765082244639142,0,0,403
ufz,car1_s,492,0.0024407058792930317,0.012315865732914714,0.0020325203252032522,427.6408432000996,0,0,492
ufz,car2,441,0.007381806131641135,0.01713028445701713,0.011337868480725623,7037.041496326331,0,3,438
ufz,car2_s,107,0.032379615068165536,0.04173221060423793,0.102803738317757,595.2422567884495,0,0,107
ufz,car3,573,0.6426996860839448,0.6418709933820611,0.8865619546247818,12.239279261444697,0,0,573
ufz,car3_s,434,0.1564162420604201,0.16382260345850255,0.17050691244239632,501.9825906368029,0,0,434
ufz,car4,449,0.07374002348648703,0.08196432115371885,0.133630289532294,282.7592227838562,0,0,449
ufz,car4_s,277,0.00802652918032694,0.017800335990277805,0.007220216606498195,568.5756175395329,0,0,277
ufz,car5,249,0.9541460917695401,0.9500178933556008,1.0,2.061899780807998,0,0,249
ufz,car7,345,0.021575111943881314,0.030994403788204908,0.028985507246376812,67005.34552533792,0,23,322
ufz,car9,627,0.36512273947984397,0.3693369336933698,0.4258373205741627,227.19581048600102,0,0,627
ufz,person1,267,0.851305107557244,0.8484073126413768,1.0,2.8785552794609157,0,0,267
ufz,person10,341,0.18175715701980324,0.1888156557591242,0.19941348973607037,158776.69257915826,0,54,287
ufz,person11,241,0.7878800569711008,0.7851772729140128,0.975103734439834,5.040044458836188,0,0,241
ufz,person13,295,0.005016965462742813,0.01483470380936393,0.006779661016949152,300.5802142812368,0,0,295
ufz,person15,447,0.8201726005831068,0.8169978071632664,1.0,1.632108647811886,0,0,447
ufz,person16,383,0.10289096204095448,0.11115994105938012,0.13315926892950392,91847.57895553396,0,35,348
ufz,person18,465,0.6810200403783258,0.6796976471840728,0.7548387096774194,34.4972259695369,0,0,465
ufz,person1_s,534,0.20406948726107244,0.21049801609374413,0.24719101123595505,390.4552331038636,0,0,534
ufz,person20,595,0.824405812703426,0.8211997670355269,0.9109243697478991,8.599328675986303,0,0,595
ufz,person21,163,0.010602507042372132,0.0203486606329344,0.06134969325153374,208.86868870619367,0,0,163
ufz,person22,67,0.8269494224872638,0.8237032658489737,1.0,1.1034222931057716,0,0,67
ufz,person23,133,0.008762906999510357,0.018164222437281375,0.007518796992481203,320.200166486278,0,0,133
ufz,person2_s,84,0.8369714884818574,0.8336869401225835,0.9642857142857143,6.892474888298624,0,0,84
ufz,person3,215,0.8385753717750908,0.8352751554225188,1.0,2.4497638925646505,0,0,215
ufz,person3_s,169,0.3642442512669504,0.36809420587029146,0.378698224852071,150.3473327813174,0,0,169
ufz,person6,301,0.8634014203998328,0.8597743495279762,1.0,1.8926819377865451,0,0,301
ufz,person9,221,0.05517222560788426,0.06424443349312302,0.06334841628959276,54883.855403520116,0,12,209
ufz,truck1,155,0.473117273656904,0.47550303417438483,0.45161290322580644,178.39387833226138,0,0,155
ufz,truck2,129,0.02149650083770516,0.031007751937984534,0.023255813953488372,613.998944503092,0,0,129
ufz,truck3,179,0.012772749431097493,0.02245699430278225,0.0223463687150838,466.9109563284165,0,0,179
ufz,uav2,45,0.022222222222222223,0.03190319031903183,0.06666666666666667,111179.19931802305,0,5,40
ufz,uav3,89,0.012325816747541324,0.02202692179330291,0.011235955056179775,337.1217566427186,0,0,89
ufz,uav4,53,0.02172834917904696,0.029889781430973397,0.18867924528301888,58.48108335394269,0,0,53
ufz,uav5,47,0.02127659574468085,0.030966926479882067,0.02127659574468085,194.96724361978082,0,0,47
ufz,uav6,37,0.10747014712576518,0.11533315493711525,0.1891891891891892,27079.888410836997,0,1,36
ufz,uav7,125,0.008603351955307263,0.018376237623762382,0.016,40202.406370202094,0,5,120
ufz,uav8,101,0.009900990099009901,0.01970395059307912,0.009900990099009901,168.7550408756673,0,0,101
ufz,wakeboard1,141,0.8088610804382501,0.8057720665683591,1.0,5.339842592738832,0,0,141
ufz,wakeboard10,157,0.6911886628936499,0.6891593617960522,1.0,2.356611220362602,0,0,157
ufz,wakeboard2,245,0.19552154557455556,0.20230349565568811,0.24489795918367346,520.9622522558382,0,0,245
ufz,wakeboard3,275,0.13862330135146045,0.14624662466246638,0.19272727272727272,192.82567921216776,0,0,275
ufz,wakeboard4,233,0.8044990111467001,0.8017677304211112,0.9914163090128756,3.924215640249244,0,0,233
ufz,wakeboard5,559,0.5469776768777097,0.5477426096813617,0.6833631484794276,146.61731151215866,0,0,559
ufz,wakeboard6,389,0.19921447420278354,0.20601186082618528,0.23393316195372751,218.22264178309962,0,0,389
ufz,wakeboard7,67,0.7766842190138952,0.7740505393822967,0.9253731343283582,5.996952044916316,0,0,67
ufz,wakeboard8,515,0.3807932043208196,0.38431221762952983,0.5320388349514563,223.20429003945603,0,0,515
ufz,wakeboard9,119,0.008403361344537815,0.018221149846077016,0.008403361344537815,194.41193880723046,0,0,119
ufz_v2,bike1,1029,0.4346628040162225,0.43661538165478353,0.6073858114674441,115.37421954494842,0,0,1029
ufz_v2,bike2,185,0.0217001617001617,0.03136205512443125,0.06486486486486487,59555.24651777563,0,11,174
ufz_v2,bike3,145,0.02912154782337338,0.03857972004096958,0.0896551724137931,157.5635988296872,0,0,145
ufz_v2,boat1,301,0.9168627139636722,0.9126344528140522,1.0,3.113379096510838,0,0,301
ufz_v2,boat2,267,0.9275978073456042,0.9231282678829681,1.0,2.4833730307991186,0,0,267
ufz_v2,boat3,301,0.8811899783329834,0.8775369231275288,1.0,5.746886168063901,0,0,301
ufz_v2,boat4,185,0.7966491153049023,0.7935242172865937,0.9459459459459459,8.308981939743802,0,0,185
ufz_v2,boat5,169,0.9225275118866696,0.9185658210791492,1.0,2.415284908192384,0,0,169
ufz_v2,boat6,269,0.7249342986446996,0.7224042106812912,1.0,1.7324569668926049,0,0,269
ufz_v2,boat7,179,0.8549325901694522,0.8511532717517564,0.994413407821229,5.406537812083915,0,0,179
ufz_v2,boat8,229,0.04841434721574779,0.05694150201046292,0.4148471615720524,44.87866656999988,0,0,229
ufz_v2,boat9,467,0.47587495183909645,0.47787648143829364,0.6552462526766595,146.96392517481218,0,0,467
ufz_v2,building1,157,0.02337726772075991,0.03285615185722405,0.03184713375796178,224.73256923288076,0,0,157
ufz_v2,building2,193,0.1734030668856632,0.18006463858821148,0.22797927461139897,250.32959201575204,0,0,193
ufz_v2,building3,277,0.008856610256084642,0.018622439861314677,0.01444043321299639,667.1407159861819,0,0,277
ufz_v2,building4,263,0.49451540951890743,0.49474833414900443,0.6768060836501901,19.114939109984952,0,0,263
ufz_v2,building5,161,0.09909859913152375,0.10706598610171568,0.15527950310559005,125.85320194709595,0,0,161
ufz_v2,car10,469,0.8410830530066488,0.8378264265658977,1.0,1.807559996087956,0,0,469
ufz_v2,car11,113,0.033275553812698214,0.04249539998247611,0.07079646017699115,97504.93478405819,0,11,102
ufz_v2,car12,167,0.008976917958953888,0.018734807612497767,0.017964071856287425,173948.98096769268,0,29,138
ufz_v2,car13,139,0.007194244604316547,0.01702400455872921,0.014388489208633094,376.53933408842164,0,0,139
ufz_v2,car14,443,0.10514939167539292,0.11326911472185594,0.13769751693002258,56679.87150911561,0,25,418
ufz_v2,car15,157,0.02678748389595681,0.03619852431102992,0.08917197452229299,218.9799461041506,0,0,157
ufz_v2,car17,353,0.005198940588019156,0.014837461083218753,0.0764872521246459,170.22151996659528,0,0,353
ufz_v2,car18,403,0.9140449164756841,0.9097118148539416,1.0,2.1862438991470685,0,0,403
ufz_v2,car1_s,492,0.011284485228908053,0.02100941801497222,0.012195121951219513,481.1843711252647,0,0,492
ufz_v2,car2,441,0.007381806131641135,0.01713028445701713,0.011337868480725623,7037.041496326331,0,3,438
ufz_v2,car2_s,107,0.18381645039518005,0.19061719256037768,0.205607476635514,592.9748391822537,0,0,107
ufz_v2,car3,573,0.13708946364388988,0.14438511914018634,0.22164048865619546,296.13393158106896,0,0,573
ufz_v2,car3_s,434,0.1837448210283819,0.19085641283022298,0.20506912442396313,444.87345774592814,0,0,434
ufz_v2,car4,449,0.08866895339721387,0.09680478070078702,0.18040089086859687,194.2757445432977,0,0,449
ufz_v2,car4_s,277,0.024383218101349607,0.033849233298781145,0.021660649819494584,558.6255001740883,0,0,277
ufz_v2,car5,249,0.9469467357329755,0.942741262078015,1.0,2.3335536263255636,0,0,249
ufz_v2,car7,345,0.021575111943881314,0.030994403788204908,0.028985507246376812,67005.34552533792,0,23,322
ufz_v2,car9,627,0.7841314797205692,0.7814676204462548,0.9856459330143541,2.69506244057175,0,0,627
ufz_v2,person1,267,0.842852641325293,0.8394333815404016,1.0,3.119228559115258,0,0,267
ufz_v2,person10,341,0.17634635000812693,0.18353125635144144,0.19941348973607037,158778.17083851225,0,54,287
ufz_v2,person11,241,0.792921624336069,0.790025060597346,0.946058091286307,5.4679083568807005,0,0,241
ufz_v2,person13,295,0.005016965462742813,0.01483470380936393,0.006779661016949152,300.5802142812368,0,0,295
ufz_v2,person15,447,0.8358515223352347,0.8326356125545435,1.0,1.7220511630442477,0,0,447
ufz_v2,person16,383,0.11218884847997122,0.11751932373393989,0.13315926892950392,91586.80002737924,0,35,348
ufz_v2,person18,465,0.6814961352937603,0.6801447886724149,0.7612903225806451,34.45129899513683,0,0,465
ufz_v2,person1_s,534,0.03689211935977605,0.04622316164200685,0.0449438202247191,703.4908299738206,0,0,534
ufz_v2,person20,595,0.8036742672869946,0.8007654546967296,0.880672268907563,10.860915636102447,0,0,595
ufz_v2,person21,163,0.010602507042372132,0.0203486606329344,0.06134969325153374,208.86868870619367,0,0,163
ufz_v2,person22,67,0.8053874690439428,0.8022757499630556,1.0,1.7685702583984224,0,0,67
ufz_v2,person23,133,0.008762906999510357,0.018164222437281375,0.007518796992481203,320.200166486278,0,0,133
ufz_v2,person2_s,84,0.8369467689459442,0.8334512022630832,0.9285714285714286,7.861891287576912,0,0,84
ufz_v2,person3,215,0.7979772767516138,0.7951646327423435,1.0,4.4302930939223994,0,0,215
ufz_v2,person3_s,169,0.35742614661201233,0.360829574081669,0.3431952662721893,166.1572108846886,0,0,169
ufz_v2,person6,301,0.838985755535025,0.8354988322752539,1.0,2.114516384242606,0,0,301
ufz_v2,person9,221,0.05517222560788426,0.06424443349312302,0.06334841628959276,54883.855403520116,0,12,209
ufz_v2,truck1,155,0.4663723420841378,0.4674544873842224,0.41935483870967744,73.03863093299205,0,0,155
ufz_v2,truck2,129,0.02149650083770516,0.031007751937984534,0.023255813953488372,613.998944503092,0,0,129
ufz_v2,truck3,179,0.012772749431097493,0.02245699430278225,0.0223463687150838,466.9109563284165,0,0,179
ufz_v2,uav2,45,0.022222222222222223,0.03190319031903183,0.06666666666666667,111179.19931802305,0,5,40
ufz_v2,uav3,89,0.012325816747541324,0.02202692179330291,0.011235955056179775,337.1217566427186,0,0,89
ufz_v2,uav4,53,0.019322753695297797,0.028955725761255473,0.05660377358490566,118.2525631362602,0,0,53
ufz_v2,uav5,47,0.02127659574468085,0.030966926479882067,0.02127659574468085,194.96724361978082,0,0,47
ufz_v2,uav6,37,0.041522876499029124,0.050575327803050636,0.10810810810810811,27088.09334370766,0,1,36
ufz_v2,uav7,125,0.008603351955307263,0.018376237623762382,0.016,40202.406370202094,0,5,120
ufz_v2,uav8,101,0.009900990099009901,0.01970395059307912,0.009900990099009901,168.7550408756673,0,0,101
ufz_v2,wakeboard1,141,0.8037259476852471,0.8012077803525035,1.0,5.8736101430198655,0,0,141
ufz_v2,wakeboard10,157,0.09943990631383282,0.10399192785520604,0.3821656050955414,21.782622420032425,0,0,157
ufz_v2,wakeboard2,245,0.6609323759718778,0.660012123661345,0.8816326530612245,40.561510591194086,0,0,245
ufz_v2,wakeboard3,275,0.15755579386699597,0.16471647164716482,0.22181818181818183,396.529027189559,0,0,275
ufz_v2,wakeboard4,233,0.22896642462132577,0.23507415119194322,0.2703862660944206,412.07077982475226,0,0,233
ufz_v2,wakeboard5,559,0.542772159974871,0.5438636886944509,0.7316636851520573,148.28351439793332,0,0,559
ufz_v2,wakeboard6,389,0.18605057223473845,0.19290386622209765,0.2365038560411311,227.63468660489485,0,0,389
ufz_v2,wakeboard7,67,0.7916694890775368,0.7888281365449984,1.0,2.262081870963337,0,0,67
ufz_v2,wakeboard8,515,0.22998707659741852,0.23595116793232712,0.3378640776699029,148.01939875507537,0,0,515
ufz_v2,wakeboard9,119,0.008403361344537815,0.018221149846077016,0.008403361344537815,194.41193880723046,0,0,119
ufz_v2_2,bike1,1029,0.650826231975044,0.6492509309239958,0.8551992225461613,13.958973397437115,0,0,1029
ufz_v2_2,bike2,185,0.0217001617001617,0.03136205512443125,0.06486486486486487,59555.24651777563,0,11,174
ufz_v2_2,bike3,145,0.02912154782337338,0.03857972004096958,0.0896551724137931,157.5635988296872,0,0,145
ufz_v2_2,boat1,301,0.9203567989838952,0.9160553929147067,1.0,2.729273938244474,0,0,301
ufz_v2_2,boat2,267,0.9264792102376596,0.922423703044462,1.0,2.6505037195118235,0,0,267
ufz_v2_2,boat3,301,0.8741173827887304,0.8702674254136378,1.0,6.029333996094115,0,0,301
ufz_v2_2,boat4,185,0.7986445460045096,0.7957720096333961,0.972972972972973,7.97990496046614,0,0,185
ufz_v2_2,boat5,169,0.9297595793979374,0.9257718671275412,1.0,2.044112203443374,0,0,169
ufz_v2_2,boat6,269,0.7259198832898971,0.7238764768670182,1.0,1.7206131819025898,0,0,269
ufz_v2_2,boat7,179,0.8808739306846328,0.8772055976547373,0.9888268156424581,4.312898208409781,0,0,179
ufz_v2_2,boat8,229,0.04841434721574779,0.05694150201046292,0.4148471615720524,44.87866656999988,0,0,229
ufz_v2_2,boat9,467,0.5606149020769461,0.5612398498950538,0.7451820128479657,123.98185583895831,0,0,467
ufz_v2_2,building1,157,0.02337726772075991,0.03285615185722405,0.03184713375796178,224.73256923288076,0,0,157
ufz_v2_2,building2,193,0.1734030668856632,0.18006463858821148,0.22797927461139897,250.32959201575204,0,0,193
ufz_v2_2,building3,277,0.008856610256084642,0.018622439861314677,0.01444043321299639,667.1407159861819,0,0,277
ufz_v2_2,building4,263,0.09314431331567537,0.10066634039829842,0.11787072243346007,180.20229326215167,0,0,263
ufz_v2_2,building5,161,0.09909859913152375,0.10706598610171568,0.15527950310559005,125.85320194709595,0,0,161
ufz_v2_2,car10,469,0.8542225475854733,0.8507884903628957,1.0,1.7822201877564408,0,0,469
ufz_v2_2,car11,113,0.033275553812698214,0.04249539998247611,0.07079646017699115,97504.93478405819,0,11,102
ufz_v2_2,car12,167,0.008976917958953888,0.018734807612497767,0.017964071856287425,173948.98096769268,0,29,138
ufz_v2_2,car13,139,0.007194244604316547,0.01702400455872921,0.014388489208633094,376.53933408842164,0,0,139
ufz_v2_2,car14,443,0.10533754385085262,0.1134926133696892,0.13544018058690746,56671.60827755983,0,25,418
ufz_v2_2,car15,157,0.02678748389595681,0.03619852431102992,0.08917197452229299,218.9799461041506,0,0,157
ufz_v2_2,car17,353,0.005198940588019156,0.014837461083218753,0.0764872521246459,170.22151996659528,0,0,353
ufz_v2_2,car18,403,0.9169722874345152,0.9128565462005257,1.0,2.1150048827323262,0,0,403
ufz_v2_2,car1_s,492,0.011284485228908053,0.02100941801497222,0.012195121951219513,481.1843711252647,0,0,492
ufz_v2_2,car2,441,0.007381806131641135,0.01713028445701713,0.011337868480725623,7037.041496326331,0,3,438
ufz_v2_2,car2_s,107,0.1464411568688185,0.15230868881280638,0.1588785046728972,249.71730923762948,0,0,107
ufz_v2_2,car3,573,0.22363954082467438,0.22972716119779496,0.3089005235602094,275.4890066038211,0,0,573
ufz_v2_2,car3_s,434,0.20289369323076045,0.20960897933111297,0.2350230414746544,457.1358063502636,0,0,434
ufz_v2_2,car4,449,0.07800361741516934,0.08622020331209053,0.16481069042316257,252.4999708761321,0,0,449
ufz_v2_2,car4_s,277,0.023954842687814587,0.0334560531865461,0.021660649819494584,478.92941295790655,0,0,277
ufz_v2_2,car5,249,0.9501797664750408,0.9459223030736807,1.0,2.240369283581507,0,0,249
ufz_v2_2,car7,345,0.021575111943881314,0.030994403788204908,0.028985507246376812,67005.34552533792,0,23,322
ufz_v2_2,car9,627,0.35641488905048296,0.3606834367647296,0.4258373205741627,220.54296842447866,0,0,627
ufz_v2_2,person1,267,0.842852641325293,0.8394333815404016,1.0,3.119228559115258,0,0,267
ufz_v2_2,person10,341,0.17891431660079649,0.1861153857321217,0.19941348973607037,158778.18994398534,0,54,287
ufz_v2_2,person11,241,0.7936295264304447,0.7910521342590687,0.950207468879668,5.509683907235842,0,0,241
ufz_v2_2,person13,295,0.005016965462742813,0.01483470380936393,0.006779661016949152,300.5802142812368,0,0,295
ufz_v2_2,person15,447,0.6065465020236959,0.6069284780827074,0.7225950782997763,27.939815775680888,0,0,447
ufz_v2_2,person16,383,0.10452934130742894,0.11278856345164534,0.13315926892950392,91842.65105606045,0,35,348
ufz_v2_2,person18,465,0.6810200403783258,0.6796976471840728,0.7548387096774194,34.4972259695369,0,0,465
ufz_v2_2,person1_s,534,0.2113888568995606,0.2177661586383357,0.2565543071161049,493.15674586369397,0,0,534
ufz_v2_2,person20,595,0.8129753417358582,0.8099176304185038,0.880672268907563,9.844164460913692,0,0,595
ufz_v2_2,person21,163,0.010602507042372132,0.0203486606329344,0.06134969325153374,208.86868870619367,0,0,163
ufz_v2_2,person22,67,0.86475877450489,0.8610905866706077,1.0,0.9979080582281246,0,0,67
ufz_v2_2,person23,133,0.008762906999510357,0.018164222437281375,0.007518796992481203,320.200166486278,0,0,133
ufz_v2_2,person2_s,84,0.8375742225179462,0.8341584158415845,0.9523809523809523,7.068361276943154,0,0,84
ufz_v2_2,person3,215,0.8429089914526418,0.8395118581625607,1.0,2.480190705642006,0,0,215
ufz_v2_2,person3_s,169,0.35449048070691225,0.358134630031051,0.378698224852071,160.50057235979838,0,0,169
ufz_v2_2,person6,301,0.8546032243956172,0.8512548929311538,1.0,1.8419283321115292,0,0,301
ufz_v2_2,person9,221,0.05517222560788426,0.06424443349312302,0.06334841628959276,54883.855403520116,0,12,209
ufz_v2_2,truck1,155,0.8387730449428815,0.8354519322900031,0.8516129032258064,11.107828700247888,0,0,155
ufz_v2_2,truck2,129,0.02149650083770516,0.031007751937984534,0.023255813953488372,613.998944503092,0,0,129
ufz_v2_2,truck3,179,0.012772749431097493,0.02245699430278225,0.0223463687150838,466.9109563284165,0,0,179
ufz_v2_2,uav2,45,0.022222222222222223,0.03190319031903183,0.06666666666666667,111179.19931802305,0,5,40
ufz_v2_2,uav3,89,0.012325816747541324,0.02202692179330291,0.011235955056179775,337.1217566427186,0,0,89
ufz_v2_2,uav4,53,0.019322753695297797,0.028955725761255473,0.05660377358490566,118.2525631362602,0,0,53
ufz_v2_2,uav5,47,0.02127659574468085,0.030966926479882067,0.02127659574468085,194.96724361978082,0,0,47
ufz_v2_2,uav6,37,0.041522876499029124,0.050575327803050636,0.10810810810810811,27088.09334370766,0,1,36
ufz_v2_2,uav7,125,0.008603351955307263,0.018376237623762382,0.016,40202.406370202094,0,5,120
ufz_v2_2,uav8,101,0.009900990099009901,0.01970395059307912,0.009900990099009901,168.7550408756673,0,0,101
ufz_v2_2,wakeboard1,141,0.8072106317474597,0.8042974510216981,1.0,5.4738414150490735,0,0,141
ufz_v2_2,wakeboard10,157,0.09230713998331543,0.09673961026675931,0.4012738853503185,23.279864866538297,0,0,157
ufz_v2_2,wakeboard2,245,0.6841186960648372,0.682804606991311,0.8734693877551021,32.1651343077665,0,0,245
ufz_v2_2,wakeboard3,275,0.14293639474068134,0.15049504950495063,0.19272727272727272,366.8796305664764,0,0,275
ufz_v2_2,wakeboard4,233,0.8108021236220445,0.8078018102239412,0.9871244635193133,3.7921794669962905,0,0,233
ufz_v2_2,wakeboard5,559,0.5670626476376848,0.5677571334951024,0.7370304114490162,145.02593764383357,0,0,559
ufz_v2_2,wakeboard6,389,0.19335456053561764,0.200106900150169,0.2467866323907455,325.68184271320376,0,0,389
ufz_v2_2,wakeboard7,67,0.8389268613233345,0.8353775676075071,1.0,1.8939873370802427,0,0,67
ufz_v2_2,wakeboard8,515,0.40966716583990226,0.4128616745169665,0.5320388349514563,222.58053085557677,0,0,515
ufz_v2_2,wakeboard9,119,0.008403361344537815,0.018221149846077016,0.008403361344537815,194.41193880723046,0,0,119
confidence_only,ALL,19596,0.30195188283533936,0.3068776412240123,0.3727291283935497,11174.14511435288,0,214,19382
fixed_tele,ALL,19596,0.39884382747474306,0.4021951337815963,0.4536640130638906,11163.459926354757,0,214,19382
fixed_wide,ALL,19596,0.3788108188070718,0.3825331094040205,0.47075933864053887,11118.154234473832,0,214,19382
scale_only,ALL,19596,0.3739754164522885,0.37787970468816623,0.45422535211267606,11134.543936936549,0,214,19382
ufz,ALL,19596,0.3957179035354478,0.3992444406718688,0.4810165339865279,11107.521610354854,0,214,19382
ufz_v2,ALL,19596,0.3806105632233485,0.38422622115242744,0.4718820167381098,11109.199604586554,0,214,19382
ufz_v2_2,ALL,19596,0.39434114889385,0.39784387195608717,0.48116962645437844,11107.967115698208,0,214,19382
